slice_id,group,region_idx,stream,gap_sec,floor
20240827a55,MALE,1,fast,300.0999999999999,3
20240827a55,MALE,1,slow,299.39999999999986,3
20240827a55,MALE,1,combined,300.0999999999999,4
20240930_65,DI,1,fast,146.39999999999998,6
20240930_65,DI,1,fast,23.100000000000023,6
20240930_65,DI,1,fast,123.29999999999995,6
20240930_65,DI,1,slow,158.0,12
20240930_65,DI,1,slow,51.39999999999998,12
20240930_65,DI,1,slow,25.700000000000045,12
20240930_65,DI,1,slow,69.70000000000005,12
20240930_65,DI,1,slow,24.0,12
20240930_65,DI,1,slow,40.09999999999991,12
20240930_65,DI,1,slow,65.0,12
20240930_65,DI,1,slow,16.700000000000045,12
20240930_65,DI,1,slow,26.700000000000045,12
20240930_65,DI,1,slow,10.899999999999864,12
20240930_65,DI,1,slow,7.0,12
20240930_65,DI,1,slow,27.40000000000009,12
20240930_65,DI,1,slow,21.299999999999955,12
20240930_65,DI,1,combined,158.30000000000007,13
20240930_65,DI,1,combined,51.09999999999991,13
20240930_65,DI,1,combined,25.600000000000023,13
20240930_65,DI,1,combined,69.60000000000002,13
20240930_65,DI,1,combined,24.200000000000045,13
20240930_65,DI,1,combined,40.39999999999998,13
20240930_65,DI,1,combined,65.39999999999998,13
20240930_65,DI,1,combined,16.5,13
20240930_65,DI,1,combined,26.200000000000045,13
20240930_65,DI,1,combined,10.899999999999864,13
20240930_65,DI,1,combined,7.2000000000000455,13
20240930_65,DI,1,combined,27.200000000000045,13
20240930_65,DI,1,combined,21.299999999999955,13
20240930_69,DI,1,fast,78.10000000000002,7
20240930_69,DI,1,fast,46.200000000000045,7
20240930_69,DI,1,fast,187.79999999999995,7
20240930_69,DI,1,fast,8.5,7
20240930_69,DI,1,fast,62.700000000000045,7
20240930_69,DI,1,fast,50.5,7
20240930_69,DI,1,fast,62.899999999999864,7
20240930_69,DI,1,slow,211.8,9
20240930_69,DI,1,slow,12.100000000000023,9
20240930_69,DI,1,slow,34.19999999999999,9
20240930_69,DI,1,slow,56.5,9
20240930_69,DI,1,slow,27.19999999999999,9
20240930_69,DI,1,slow,18.5,9
20240930_69,DI,1,slow,77.30000000000007,9
20240930_69,DI,1,slow,28.699999999999932,9
20240930_69,DI,1,slow,52.200000000000045,9
20240930_69,DI,1,slow,6.2999999999999545,9
20240930_69,DI,1,slow,43.0,9
20240930_69,DI,1,slow,17.300000000000068,9
20240930_69,DI,1,slow,15.399999999999977,9
20240930_69,DI,1,slow,77.69999999999993,9
20240930_69,DI,1,slow,35.30000000000007,9
20240930_69,DI,1,slow,81.79999999999995,9
20240930_69,DI,1,slow,5.5,9
20240930_69,DI,1,slow,26.800000000000068,9
20240930_69,DI,1,slow,28.399999999999864,9
20240930_69,DI,1,slow,12.700000000000045,9
20240930_69,DI,1,slow,27.90000000000009,9
20240930_69,DI,1,slow,53.700000000000045,9
20240930_69,DI,1,slow,43.5,9
20240930_69,DI,1,slow,12.299999999999955,9
20240930_69,DI,1,slow,7.099999999999909,9
20240930_69,DI,1,combined,212.79999999999998,10
20240930_69,DI,1,combined,12.400000000000034,10
20240930_69,DI,1,combined,33.5,10
20240930_69,DI,1,combined,56.5,10
20240930_69,DI,1,combined,27.599999999999966,10
20240930_69,DI,1,combined,18.600000000000023,10
20240930_69,DI,1,combined,76.80000000000007,10
20240930_69,DI,1,combined,28.5,10
20240930_69,DI,1,combined,52.39999999999998,10
20240930_69,DI,1,combined,5.600000000000023,10
20240930_69,DI,1,combined,43.69999999999993,10
20240930_69,DI,1,combined,17.300000000000068,10
20240930_69,DI,1,combined,53.0,10
20240930_69,DI,1,combined,39.89999999999998,10
20240930_69,DI,1,combined,35.5,10
20240930_69,DI,1,combined,6.899999999999977,10
20240930_69,DI,1,combined,62.700000000000045,10
20240930_69,DI,1,combined,12.199999999999932,10
20240930_69,DI,1,combined,5.5,10
20240930_69,DI,1,combined,26.800000000000068,10
20240930_69,DI,1,combined,28.399999999999864,10
20240930_69,DI,1,combined,12.700000000000045,10
20240930_69,DI,1,combined,27.5,10
20240930_69,DI,1,combined,54.100000000000136,10
20240930_69,DI,1,combined,43.5,10
20240930_69,DI,1,combined,12.299999999999955,10
20240930_69,DI,1,combined,7.099999999999909,10
20241211_127,MALE,1,fast,27.699999999999932,8
20241211_127,MALE,1,fast,7.5,8
20241211_127,MALE,1,fast,109.0,8
20241211_127,MALE,1,fast,8.600000000000136,8
20241211_127,MALE,1,fast,9.399999999999864,8
20241211_127,MALE,1,slow,494.4,14
20241211_127,MALE,1,slow,30.0,14
20241211_127,MALE,1,slow,76.40000000000009,14
20241211_127,MALE,1,slow,39.19999999999993,14
20241211_127,MALE,1,slow,23.100000000000023,14
20241211_127,MALE,1,slow,13.200000000000045,14
20241211_127,MALE,1,slow,29.0,14
20241211_127,MALE,1,slow,6.599999999999909,14
20241211_127,MALE,1,slow,14.299999999999955,14
20241211_127,MALE,1,slow,6.800000000000182,14
20241211_127,MALE,1,slow,20.399999999999864,14
20241211_127,MALE,1,slow,33.90000000000009,14
20241211_127,MALE,1,slow,15.700000000000045,14
20241211_127,MALE,1,slow,11.199999999999818,14
20241211_127,MALE,1,slow,7.600000000000136,14
20241211_127,MALE,1,slow,8.099999999999909,14
20241211_127,MALE,1,slow,9.900000000000091,14
20241211_127,MALE,1,slow,20.5,14
20241211_127,MALE,1,combined,388.7,15
20241211_127,MALE,1,combined,105.39999999999998,15
20241211_127,MALE,1,combined,29.90000000000009,15
20241211_127,MALE,1,combined,76.69999999999993,15
20241211_127,MALE,1,combined,39.0,15
20241211_127,MALE,1,combined,23.800000000000068,15
20241211_127,MALE,1,combined,12.5,15
20241211_127,MALE,1,combined,29.0,15
20241211_127,MALE,1,combined,7.099999999999909,15
20241211_127,MALE,1,combined,14.200000000000045,15
20241211_127,MALE,1,combined,5.5,15
20241211_127,MALE,1,combined,21.40000000000009,15
20241211_127,MALE,1,combined,33.799999999999955,15
20241211_127,MALE,1,combined,16.5,15
20241211_127,MALE,1,combined,10.399999999999864,15
20241211_127,MALE,1,combined,7.600000000000136,15
20241211_127,MALE,1,combined,8.200000000000045,15
20241211_127,MALE,1,combined,9.099999999999909,15
20241211_127,MALE,1,combined,21.200000000000045,15
20241212_131,ORX,1,slow,691.7,4
20241212_131,ORX,1,combined,691.7,5
20250731_151,DI,1,fast,128.8,10
20250731_151,DI,1,fast,5.100000000000023,10
20250731_151,DI,1,fast,43.10000000000002,10
20250731_151,DI,1,fast,59.299999999999955,10
20250731_151,DI,1,slow,145.39999999999998,7
20250731_151,DI,1,slow,36.90000000000009,7
20250731_151,DI,1,slow,36.59999999999991,7
20250731_151,DI,1,slow,21.799999999999955,7
20250731_151,DI,1,combined,96.89999999999999,11
20250731_151,DI,1,combined,15.800000000000011,11
20250731_151,DI,1,combined,15.599999999999994,11
20250731_151,DI,1,combined,5.600000000000023,11
20250731_151,DI,1,combined,43.10000000000002,11
20250731_151,DI,1,combined,15.199999999999932,11
20250731_151,DI,1,combined,44.10000000000002,11
20250731_151,DI,1,combined,620.9000000000001,11
20250731_151,DI,1,combined,145.0999999999999,11
20250731_151,DI,1,combined,36.90000000000009,11
20250731_151,DI,1,combined,36.700000000000045,11
20250731_151,DI,1,combined,22.399999999999864,11
20250806_174,ORX,1,fast,54.599999999999994,6
20250806_174,ORX,1,fast,32.80000000000001,6
20250806_174,ORX,1,fast,374.8,6
20250806_174,ORX,1,fast,575.8999999999999,6
20250806_174,ORX,1,fast,79.40000000000009,6
20250806_174,ORX,1,fast,55.700000000000045,6
20250806_174,ORX,1,fast,4.099999999999909,6
20250806_174,ORX,1,slow,14.399999999999977,10
20250806_174,ORX,1,slow,402.0,10
20250806_174,ORX,1,slow,32.700000000000045,10
20250806_174,ORX,1,slow,14.299999999999955,10
20250806_174,ORX,1,slow,7.5,10
20250806_174,ORX,1,slow,30.600000000000136,10
20250806_174,ORX,1,slow,50.69999999999982,10
20250806_174,ORX,1,slow,19.40000000000009,10
20250806_174,ORX,1,slow,35.200000000000045,10
20250806_174,ORX,1,combined,479.1,11
20250806_174,ORX,1,combined,14.299999999999955,11
20250806_174,ORX,1,combined,402.5,11
20250806_174,ORX,1,combined,32.200000000000045,11
20250806_174,ORX,1,combined,14.5,11
20250806_174,ORX,1,combined,8.099999999999909,11
20250806_174,ORX,1,combined,29.800000000000182,11
20250806_174,ORX,1,combined,50.69999999999982,11
20250806_174,ORX,1,combined,19.40000000000009,11
20250806_174,ORX,1,combined,35.200000000000045,11
20250806_174,ORX,1,combined,4.099999999999909,11
20250807_178,MALE,1,fast,1118.4,5
20250807_178,MALE,1,fast,39.0,5
20250807_178,MALE,1,slow,37.59999999999991,5
20250807_178,MALE,1,combined,1118.7,7
20250807_178,MALE,1,combined,38.700000000000045,7
20250807_181,MALE,1,slow,5.099999999999909,8
20250807_181,MALE,1,slow,14.200000000000045,8
20250807_181,MALE,1,slow,42.0,8
20250807_181,MALE,1,slow,11.099999999999909,8
20250807_181,MALE,1,combined,19.0,11
20250807_181,MALE,1,combined,42.299999999999955,11
20250807_181,MALE,1,combined,11.0,11
20250826_190,MALE,1,fast,18.1,3
20250826_190,MALE,1,slow,482.0,3
20250826_190,MALE,1,combined,18.1,3
20250826_190,MALE,1,combined,482.3,3
20250826_192,MALE,1,fast,1019.0000000000001,6
20250826_192,MALE,1,fast,40.200000000000045,6
20250826_192,MALE,1,slow,209.70000000000005,8
20250826_192,MALE,1,slow,7.099999999999909,8
20250826_192,MALE,1,slow,28.90000000000009,8
20250826_192,MALE,1,slow,18.5,8
20250826_192,MALE,1,slow,19.700000000000045,8
20250826_192,MALE,1,slow,11.0,8
20250826_192,MALE,1,slow,9.5,8
20250826_192,MALE,1,slow,4.7999999999999545,8
20250826_192,MALE,1,combined,756.1,9
20250826_192,MALE,1,combined,209.20000000000005,9
20250826_192,MALE,1,combined,7.099999999999909,9
20250826_192,MALE,1,combined,28.90000000000009,9
20250826_192,MALE,1,combined,18.5,9
20250826_192,MALE,1,combined,19.700000000000045,9
20250826_192,MALE,1,combined,11.0,9
20250826_192,MALE,1,combined,9.5,9
20250826_192,MALE,1,combined,4.7999999999999545,9
20250827_196,MALE,1,fast,218.9999999999999,5
20250827_196,MALE,1,fast,3.900000000000091,5
20250827_196,MALE,1,fast,19.700000000000045,5
20250827_196,MALE,1,slow,180.60000000000002,9
20250827_196,MALE,1,slow,184.89999999999998,9
20250827_196,MALE,1,slow,57.89999999999998,9
20250827_196,MALE,1,slow,50.30000000000007,9
20250827_196,MALE,1,slow,23.5,9
20250827_196,MALE,1,slow,63.200000000000045,9
20250827_196,MALE,1,slow,11.699999999999818,9
20250827_196,MALE,1,slow,14.600000000000136,9
20250827_196,MALE,1,slow,8.099999999999909,9
20250827_196,MALE,1,slow,20.299999999999955,9
20250827_196,MALE,1,combined,161.10000000000002,10
20250827_196,MALE,1,combined,19.200000000000045,10
20250827_196,MALE,1,combined,48.5,10
20250827_196,MALE,1,combined,136.39999999999998,10
20250827_196,MALE,1,combined,58.39999999999998,10
20250827_196,MALE,1,combined,28.100000000000023,10
20250827_196,MALE,1,combined,21.700000000000045,10
20250827_196,MALE,1,combined,24.09999999999991,10
20250827_196,MALE,1,combined,62.600000000000136,10
20250827_196,MALE,1,combined,11.699999999999818,10
20250827_196,MALE,1,combined,14.100000000000136,10
20250827_196,MALE,1,combined,8.599999999999909,10
20250827_196,MALE,1,combined,20.299999999999955,10
20250827_199,MALE,1,fast,55.00000000000001,9
20250827_199,MALE,1,fast,7.299999999999997,9
20250827_199,MALE,1,fast,110.7,9
20250827_199,MALE,1,fast,40.70000000000002,9
20250827_199,MALE,1,fast,9.799999999999983,9
20250827_199,MALE,1,fast,25.599999999999994,9
20250827_199,MALE,1,fast,20.400000000000034,9
20250827_199,MALE,1,fast,2.099999999999966,9
20250827_199,MALE,1,fast,41.10000000000002,9
20250827_199,MALE,1,fast,16.399999999999977,9
20250827_199,MALE,1,fast,24.5,9
20250827_199,MALE,1,fast,16.30000000000001,9
20250827_199,MALE,1,fast,33.5,9
20250827_199,MALE,1,fast,34.0,9
20250827_199,MALE,1,fast,9.0,9
20250827_199,MALE,1,fast,101.90000000000003,9
20250827_199,MALE,1,fast,194.20000000000005,9
20250827_199,MALE,1,fast,4.099999999999909,9
20250827_199,MALE,1,fast,20.90000000000009,9
20250827_199,MALE,1,fast,34.0,9
20250827_199,MALE,1,fast,3.199999999999932,9
20250827_199,MALE,1,fast,364.80000000000007,9
20250827_199,MALE,1,slow,15.3,16
20250827_199,MALE,1,slow,37.300000000000004,16
20250827_199,MALE,1,slow,7.800000000000004,16
20250827_199,MALE,1,slow,6.5,16
20250827_199,MALE,1,slow,18.599999999999994,16
20250827_199,MALE,1,slow,32.2,16
20250827_199,MALE,1,slow,14.099999999999994,16
20250827_199,MALE,1,slow,20.600000000000023,16
20250827_199,MALE,1,slow,17.899999999999977,16
20250827_199,MALE,1,slow,17.400000000000006,16
20250827_199,MALE,1,slow,24.099999999999994,16
20250827_199,MALE,1,slow,36.30000000000001,16
20250827_199,MALE,1,slow,8.600000000000023,16
20250827_199,MALE,1,slow,11.699999999999989,16
20250827_199,MALE,1,slow,14.5,16
20250827_199,MALE,1,slow,12.599999999999966,16
20250827_199,MALE,1,slow,16.80000000000001,16
20250827_199,MALE,1,slow,13.700000000000045,16
20250827_199,MALE,1,slow,25.5,16
20250827_199,MALE,1,slow,10.299999999999955,16
20250827_199,MALE,1,slow,20.700000000000045,16
20250827_199,MALE,1,slow,13.699999999999989,16
20250827_199,MALE,1,slow,7.399999999999977,16
20250827_199,MALE,1,slow,31.80000000000001,16
20250827_199,MALE,1,slow,9.399999999999977,16
20250827_199,MALE,1,slow,24.5,16
20250827_199,MALE,1,slow,49.5,16
20250827_199,MALE,1,slow,28.300000000000068,16
20250827_199,MALE,1,slow,18.399999999999977,16
20250827_199,MALE,1,slow,25.199999999999932,16
20250827_199,MALE,1,slow,66.40000000000009,16
20250827_199,MALE,1,slow,13.0,16
20250827_199,MALE,1,slow,74.39999999999998,16
20250827_199,MALE,1,slow,58.799999999999955,16
20250827_199,MALE,1,slow,22.700000000000045,16
20250827_199,MALE,1,slow,32.799999999999955,16
20250827_199,MALE,1,slow,8.600000000000023,16
20250827_199,MALE,1,slow,20.600000000000023,16
20250827_199,MALE,1,slow,20.899999999999977,16
20250827_199,MALE,1,slow,16.800000000000068,16
20250827_199,MALE,1,slow,9.699999999999932,16
20250827_199,MALE,1,slow,13.600000000000023,16
20250827_199,MALE,1,slow,30.700000000000045,16
20250827_199,MALE,1,slow,101.70000000000005,16
20250827_199,MALE,1,slow,52.399999999999864,16
20250827_199,MALE,1,slow,9.700000000000045,16
20250827_199,MALE,1,slow,24.0,16
20250827_199,MALE,1,slow,12.099999999999909,16
20250827_199,MALE,1,combined,2.3,18
20250827_199,MALE,1,combined,15.900000000000002,18
20250827_199,MALE,1,combined,36.800000000000004,18
20250827_199,MALE,1,combined,7.700000000000003,18
20250827_199,MALE,1,combined,6.3999999999999915,18
20250827_199,MALE,1,combined,18.700000000000003,18
20250827_199,MALE,1,combined,31.900000000000006,18
20250827_199,MALE,1,combined,14.399999999999991,18
20250827_199,MALE,1,combined,20.200000000000017,18
20250827_199,MALE,1,combined,18.69999999999999,18
20250827_199,MALE,1,combined,17.0,18
20250827_199,MALE,1,combined,24.099999999999994,18
20250827_199,MALE,1,combined,35.10000000000002,18
20250827_199,MALE,1,combined,9.800000000000011,18
20250827_199,MALE,1,combined,11.699999999999989,18
20250827_199,MALE,1,combined,14.5,18
20250827_199,MALE,1,combined,12.5,18
20250827_199,MALE,1,combined,8.300000000000011,18
20250827_199,MALE,1,combined,8.699999999999989,18
20250827_199,MALE,1,combined,14.100000000000023,18
20250827_199,MALE,1,combined,24.799999999999955,18
20250827_199,MALE,1,combined,10.400000000000034,18
20250827_199,MALE,1,combined,21.0,18
20250827_199,MALE,1,combined,13.5,18
20250827_199,MALE,1,combined,7.399999999999977,18
20250827_199,MALE,1,combined,31.69999999999999,18
20250827_199,MALE,1,combined,9.5,18
20250827_199,MALE,1,combined,24.80000000000001,18
20250827_199,MALE,1,combined,48.900000000000034,18
20250827_199,MALE,1,combined,28.600000000000023,18
20250827_199,MALE,1,combined,18.5,18
20250827_199,MALE,1,combined,25.09999999999991,18
20250827_199,MALE,1,combined,66.40000000000009,18
20250827_199,MALE,1,combined,13.0,18
20250827_199,MALE,1,combined,74.29999999999995,18
20250827_199,MALE,1,combined,54.89999999999998,18
20250827_199,MALE,1,combined,3.900000000000091,18
20250827_199,MALE,1,combined,22.899999999999977,18
20250827_199,MALE,1,combined,33.0,18
20250827_199,MALE,1,combined,8.299999999999955,18
20250827_199,MALE,1,combined,20.600000000000023,18
20250827_199,MALE,1,combined,20.899999999999977,18
20250827_199,MALE,1,combined,16.800000000000068,18
20250827_199,MALE,1,combined,9.699999999999932,18
20250827_199,MALE,1,combined,13.600000000000023,18
20250827_199,MALE,1,combined,30.700000000000045,18
20250827_199,MALE,1,combined,101.70000000000005,18
20250827_199,MALE,1,combined,52.399999999999864,18
20250827_199,MALE,1,combined,9.700000000000045,18
20250827_199,MALE,1,combined,24.0,18
20250827_199,MALE,1,combined,12.099999999999909,18
20250829_204,OVX,1,fast,146.1,9
20250829_204,OVX,1,fast,40.900000000000034,9
20250829_204,OVX,1,fast,221.5,9
20250829_204,OVX,1,fast,20.19999999999999,9
20250829_204,OVX,1,fast,14.399999999999977,9
20250829_204,OVX,1,fast,139.70000000000005,9
20250829_204,OVX,1,fast,239.60000000000002,9
20250829_204,OVX,1,fast,134.69999999999993,9
20250829_204,OVX,1,fast,2.7000000000000455,9
20250829_204,OVX,1,fast,33.5,9
20250829_204,OVX,1,fast,90.79999999999995,9
20250829_204,OVX,1,slow,8.399999999999999,11
20250829_204,OVX,1,slow,39.300000000000004,11
20250829_204,OVX,1,slow,24.900000000000006,11
20250829_204,OVX,1,slow,36.0,11
20250829_204,OVX,1,slow,48.19999999999999,11
20250829_204,OVX,1,slow,32.60000000000002,11
20250829_204,OVX,1,slow,43.19999999999999,11
20250829_204,OVX,1,slow,11.100000000000023,11
20250829_204,OVX,1,slow,48.89999999999998,11
20250829_204,OVX,1,slow,6.400000000000034,11
20250829_204,OVX,1,slow,82.5,11
20250829_204,OVX,1,slow,59.19999999999999,11
20250829_204,OVX,1,slow,11.5,11
20250829_204,OVX,1,slow,22.30000000000001,11
20250829_204,OVX,1,slow,12.899999999999977,11
20250829_204,OVX,1,slow,71.5,11
20250829_204,OVX,1,slow,15.100000000000023,11
20250829_204,OVX,1,slow,53.0,11
20250829_204,OVX,1,slow,8.399999999999977,11
20250829_204,OVX,1,slow,63.700000000000045,11
20250829_204,OVX,1,slow,15.600000000000023,11
20250829_204,OVX,1,slow,57.89999999999998,11
20250829_204,OVX,1,slow,14.199999999999932,11
20250829_204,OVX,1,slow,16.800000000000068,11
20250829_204,OVX,1,slow,37.299999999999955,11
20250829_204,OVX,1,slow,8.5,11
20250829_204,OVX,1,slow,17.399999999999977,11
20250829_204,OVX,1,slow,54.90000000000009,11
20250829_204,OVX,1,slow,81.59999999999991,11
20250829_204,OVX,1,slow,35.5,11
20250829_204,OVX,1,slow,11.200000000000045,11
20250829_204,OVX,1,slow,41.700000000000045,11
20250829_204,OVX,1,slow,30.0,11
20250829_204,OVX,1,slow,6.5,11
20250829_204,OVX,1,slow,24.59999999999991,11
20250829_204,OVX,1,combined,8.399999999999999,13
20250829_204,OVX,1,combined,35.300000000000004,13
20250829_204,OVX,1,combined,4.0,13
20250829_204,OVX,1,combined,25.0,13
20250829_204,OVX,1,combined,7.599999999999994,13
20250829_204,OVX,1,combined,28.30000000000001,13
20250829_204,OVX,1,combined,48.19999999999999,13
20250829_204,OVX,1,combined,32.60000000000002,13
20250829_204,OVX,1,combined,42.599999999999966,13
20250829_204,OVX,1,combined,11.700000000000045,13
20250829_204,OVX,1,combined,48.89999999999998,13
20250829_204,OVX,1,combined,6.199999999999989,13
20250829_204,OVX,1,combined,11.900000000000034,13
20250829_204,OVX,1,combined,71.09999999999997,13
20250829_204,OVX,1,combined,58.900000000000034,13
20250829_204,OVX,1,combined,11.5,13
20250829_204,OVX,1,combined,22.30000000000001,13
20250829_204,OVX,1,combined,12.899999999999977,13
20250829_204,OVX,1,combined,71.5,13
20250829_204,OVX,1,combined,14.899999999999977,13
20250829_204,OVX,1,combined,53.200000000000045,13
20250829_204,OVX,1,combined,8.399999999999977,13
20250829_204,OVX,1,combined,64.30000000000007,13
20250829_204,OVX,1,combined,14.699999999999932,13
20250829_204,OVX,1,combined,57.700000000000045,13
20250829_204,OVX,1,combined,14.699999999999932,13
20250829_204,OVX,1,combined,16.0,13
20250829_204,OVX,1,combined,38.40000000000009,13
20250829_204,OVX,1,combined,8.399999999999977,13
20250829_204,OVX,1,combined,16.899999999999977,13
20250829_204,OVX,1,combined,55.200000000000045,13
20250829_204,OVX,1,combined,80.0,13
20250829_204,OVX,1,combined,35.59999999999991,13
20250829_204,OVX,1,combined,12.700000000000045,13
20250829_204,OVX,1,combined,71.70000000000005,13
20250829_204,OVX,1,combined,6.5,13
20250829_204,OVX,1,combined,24.59999999999991,13
20250904_209,OVX,1,slow,20.5,6
20250904_209,OVX,1,slow,229.90000000000003,6
20250904_209,OVX,1,slow,103.69999999999999,6
20250904_209,OVX,1,combined,195.09999999999997,10
20250904_209,OVX,1,combined,472.90000000000003,10
20250911_214,ORX,1,slow,282.70000000000005,6
20250911_214,ORX,1,slow,30.799999999999955,6
20250911_214,ORX,1,combined,282.5000000000001,6
20250911_214,ORX,1,combined,31.199999999999818,6
20250911_222,ORX,1,slow,104.20000000000002,5
20250911_222,ORX,1,combined,18.0,6
20250911_222,ORX,1,combined,104.20000000000002,6
20250925_231,DI,1,fast,128.40000000000003,11
20250925_231,DI,1,fast,5.099999999999994,11
20250925_231,DI,1,fast,28.099999999999994,11
20250925_231,DI,1,fast,94.19999999999999,11
20250925_231,DI,1,fast,112.5,11
20250925_231,DI,1,fast,6.900000000000034,11
20250925_231,DI,1,fast,222.09999999999997,11
20250925_231,DI,1,slow,50.700000000000045,7
20250925_231,DI,1,slow,5.199999999999932,7
20250925_231,DI,1,slow,60.10000000000002,7
20250925_231,DI,1,slow,29.700000000000045,7
20250925_231,DI,1,slow,6.0,7
20250925_231,DI,1,slow,49.5,7
20250925_231,DI,1,slow,35.399999999999864,7
20250925_231,DI,1,slow,5.100000000000136,7
20250925_231,DI,1,slow,31.5,7
20250925_231,DI,1,slow,25.59999999999991,7
20250925_231,DI,1,combined,133.5,12
20250925_231,DI,1,combined,28.099999999999994,12
20250925_231,DI,1,combined,213.60000000000002,12
20250925_231,DI,1,combined,9.300000000000011,12
20250925_231,DI,1,combined,492.70000000000005,12
20250925_231,DI,1,combined,4.699999999999932,12
20250925_231,DI,1,combined,60.10000000000002,12
20250925_231,DI,1,combined,30.40000000000009,12
20250925_231,DI,1,combined,54.799999999999955,12
20250925_231,DI,1,combined,35.399999999999864,12
20250925_231,DI,1,combined,5.900000000000091,12
20250925_231,DI,1,combined,30.59999999999991,12
20250925_231,DI,1,combined,25.600000000000136,12
20250925_233,DI,1,fast,9.299999999999955,12
20250925_233,DI,1,fast,14.100000000000023,12
20250925_233,DI,1,fast,190.70000000000005,12
20250925_233,DI,1,slow,84.60000000000002,7
20250925_233,DI,1,slow,22.799999999999955,7
20250925_233,DI,1,slow,251.0,7
20250925_233,DI,1,combined,18.299999999999955,13
20250925_233,DI,1,combined,14.100000000000023,13
20250925_233,DI,1,combined,52.0,13
20250925_233,DI,1,combined,23.700000000000045,13
20250925_233,DI,1,combined,115.0,13
20250925_233,DI,1,combined,136.20000000000005,13
20250926_235,DI,1,fast,264.90000000000003,7
20250926_235,DI,1,slow,172.20000000000005,5
20250926_235,DI,1,slow,69.0,5
20250926_235,DI,1,combined,922.7,8
20250926_235,DI,1,combined,172.4000000000001,8
20250926_235,DI,1,combined,68.79999999999995,8
20250926_237,DI,1,fast,160.20000000000002,10
20250926_237,DI,1,fast,46.400000000000006,10
20250926_237,DI,1,fast,90.19999999999999,10
20250926_237,DI,1,fast,15.700000000000045,10
20250926_237,DI,1,fast,58.5,10
20250926_237,DI,1,fast,140.69999999999993,10
20250926_237,DI,1,fast,145.9000000000001,10
20250926_237,DI,1,slow,93.19999999999993,6
20250926_237,DI,1,slow,76.20000000000005,6
20250926_237,DI,1,slow,137.5999999999999,6
20250926_237,DI,1,combined,18.700000000000003,10
20250926_237,DI,1,combined,141.5,10
20250926_237,DI,1,combined,46.400000000000006,10
20250926_237,DI,1,combined,90.19999999999999,10
20250926_237,DI,1,combined,15.700000000000045,10
20250926_237,DI,1,combined,58.5,10
20250926_237,DI,1,combined,140.69999999999993,10
20250926_237,DI,1,combined,79.10000000000002,10
20250926_237,DI,1,combined,66.80000000000007,10
20250926_237,DI,1,combined,212.5,10
20250926_237,DI,1,combined,170.19999999999993,10
20250926_237,DI,1,combined,137.29999999999995,10
20260115_243,ORX,1,slow,188.30000000000004,8
20260115_243,ORX,1,slow,44.89999999999998,8
20260115_243,ORX,1,slow,172.0,8
20260115_243,ORX,1,slow,398.19999999999993,8
20260115_243,ORX,1,combined,233.3,12
20260120_248,MALE,1,slow,31.100000000000136,7
20260120_248,MALE,1,slow,23.799999999999955,7
20260120_248,MALE,1,slow,39.799999999999955,7
20260120_248,MALE,1,combined,37.200000000000045,7
20260120_248,MALE,1,combined,31.100000000000136,7
20260120_248,MALE,1,combined,22.799999999999955,7
20260120_248,MALE,1,combined,40.799999999999955,7
20260122_256,OVX,1,slow,954.3000000000001,5
20260130_270,DI,1,fast,116.80000000000007,8
20260130_270,DI,1,fast,16.100000000000023,8
20260130_270,DI,1,fast,228.5,8
20260130_270,DI,1,slow,135.39999999999998,10
20260130_270,DI,1,slow,141.70000000000005,10
20260130_270,DI,1,slow,86.10000000000002,10
20260130_270,DI,1,slow,67.89999999999998,10
20260130_270,DI,1,slow,9.399999999999864,10
20260130_270,DI,1,slow,34.50000000000023,10
20260130_270,DI,1,slow,30.0,10
20260130_270,DI,1,slow,37.899999999999864,10
20260130_270,DI,1,slow,48.100000000000136,10
20260130_270,DI,1,combined,134.5,11
20260130_270,DI,1,combined,141.70000000000005,11
20260130_270,DI,1,combined,86.10000000000002,11
20260130_270,DI,1,combined,67.89999999999998,11
20260130_270,DI,1,combined,9.399999999999864,11
20260130_270,DI,1,combined,35.700000000000045,11
20260130_270,DI,1,combined,29.100000000000136,11
20260130_270,DI,1,combined,37.700000000000045,11
20260130_270,DI,1,combined,48.0,11
20260130_270,DI,1,combined,28.299999999999955,11
20260130_272,DI,1,slow,979.1000000000001,5
20260130_272,DI,1,slow,60.19999999999982,5
20260130_272,DI,1,slow,54.200000000000045,5
20260130_272,DI,1,combined,561.0,8
20260130_272,DI,1,combined,59.399999999999864,8
20260130_272,DI,1,combined,54.30000000000018,8
20260303_290,DI,1,fast,72.40000000000003,8
20260303_290,DI,1,fast,75.79999999999995,8
20260303_290,DI,1,fast,145.60000000000002,8
20260303_290,DI,1,fast,22.300000000000068,8
20260303_290,DI,1,fast,10.299999999999955,8
20260303_290,DI,1,fast,133.39999999999998,8
20260303_290,DI,1,fast,78.5,8
20260303_290,DI,1,fast,18.300000000000068,8
20260303_290,DI,1,fast,13.699999999999932,8
20260303_290,DI,1,fast,89.5,8
20260303_290,DI,1,fast,20.5,8
20260303_290,DI,1,fast,21.600000000000023,8
20260303_290,DI,1,fast,127.20000000000005,8
20260303_290,DI,1,fast,131.79999999999995,8
20260303_290,DI,1,fast,62.09999999999991,8
20260303_290,DI,1,slow,27.799999999999983,10
20260303_290,DI,1,slow,45.700000000000045,10
20260303_290,DI,1,slow,15.100000000000023,10
20260303_290,DI,1,slow,25.299999999999955,10
20260303_290,DI,1,slow,27.100000000000023,10
20260303_290,DI,1,slow,152.30000000000007,10
20260303_290,DI,1,slow,22.899999999999864,10
20260303_290,DI,1,slow,11.100000000000136,10
20260303_290,DI,1,slow,75.19999999999993,10
20260303_290,DI,1,slow,36.5,10
20260303_290,DI,1,slow,20.700000000000045,10
20260303_290,DI,1,slow,20.5,10
20260303_290,DI,1,slow,58.19999999999993,10
20260303_290,DI,1,slow,18.300000000000068,10
20260303_290,DI,1,slow,13.399999999999977,10
20260303_290,DI,1,slow,12.5,10
20260303_290,DI,1,slow,69.29999999999995,10
20260303_290,DI,1,slow,29.40000000000009,10
20260303_290,DI,1,slow,23.5,10
20260303_290,DI,1,slow,38.0,10
20260303_290,DI,1,slow,38.59999999999991,10
20260303_290,DI,1,slow,22.800000000000182,10
20260303_290,DI,1,slow,18.59999999999991,10
20260303_290,DI,1,slow,8.299999999999955,10
20260303_290,DI,1,slow,67.79999999999995,10
20260303_290,DI,1,slow,35.700000000000045,10
20260303_290,DI,1,slow,26.0,10
20260303_290,DI,1,slow,15.299999999999955,10
20260303_290,DI,1,slow,19.200000000000045,10
20260303_290,DI,1,slow,9.700000000000045,10
20260303_290,DI,1,slow,20.399999999999864,10
20260303_290,DI,1,combined,28.400000000000034,12
20260303_290,DI,1,combined,44.5,12
20260303_290,DI,1,combined,16.0,12
20260303_290,DI,1,combined,25.299999999999955,12
20260303_290,DI,1,combined,27.100000000000023,12
20260303_290,DI,1,combined,6.899999999999977,12
20260303_290,DI,1,combined,145.5,12
20260303_290,DI,1,combined,22.799999999999955,12
20260303_290,DI,1,combined,11.100000000000136,12
20260303_290,DI,1,combined,75.19999999999993,12
20260303_290,DI,1,combined,37.299999999999955,12
20260303_290,DI,1,combined,19.800000000000068,12
20260303_290,DI,1,combined,19.699999999999932,12
20260303_290,DI,1,combined,32.30000000000007,12
20260303_290,DI,1,combined,26.799999999999955,12
20260303_290,DI,1,combined,18.300000000000068,12
20260303_290,DI,1,combined,13.299999999999955,12
20260303_290,DI,1,combined,12.600000000000023,12
20260303_290,DI,1,combined,69.29999999999995,12
20260303_290,DI,1,combined,7.600000000000023,12
20260303_290,DI,1,combined,4.899999999999977,12
20260303_290,DI,1,combined,16.90000000000009,12
20260303_290,DI,1,combined,14.399999999999977,12
20260303_290,DI,1,combined,8.199999999999932,12
20260303_290,DI,1,combined,39.30000000000007,12
20260303_290,DI,1,combined,61.000000000000114,12
20260303_290,DI,1,combined,24.59999999999991,12
20260303_290,DI,1,combined,2.2999999999999545,12
20260303_290,DI,1,combined,67.79999999999995,12
20260303_290,DI,1,combined,35.700000000000045,12
20260303_290,DI,1,combined,26.0,12
20260303_290,DI,1,combined,15.299999999999955,12
20260303_290,DI,1,combined,28.90000000000009,12
20260303_290,DI,1,combined,20.399999999999864,12
20260303_296,DI,1,fast,175.0,13
20260303_296,DI,1,fast,150.10000000000002,13
20260303_296,DI,1,fast,116.89999999999998,13
20260303_296,DI,1,fast,77.10000000000002,13
20260303_296,DI,1,fast,17.5,13
20260303_296,DI,1,fast,23.799999999999955,13
20260303_296,DI,1,fast,60.80000000000007,13
20260303_296,DI,1,fast,40.10000000000002,13
20260303_296,DI,1,fast,53.10000000000002,13
20260303_296,DI,1,fast,83.19999999999993,13
20260303_296,DI,1,fast,41.0,13
20260303_296,DI,1,fast,30.899999999999977,13
20260303_296,DI,1,fast,12.300000000000068,13
20260303_296,DI,1,fast,32.39999999999998,13
20260303_296,DI,1,fast,40.10000000000002,13
20260303_296,DI,1,fast,3.1000000000000227,13
20260303_296,DI,1,fast,3.8999999999999773,13
20260303_296,DI,1,fast,50.39999999999998,13
20260303_296,DI,1,fast,39.799999999999955,13
20260303_296,DI,1,fast,72.29999999999995,13
20260303_296,DI,1,fast,17.5,13
20260303_296,DI,1,fast,41.40000000000009,13
20260303_296,DI,1,slow,3.4000000000000004,16
20260303_296,DI,1,slow,86.2,16
20260303_296,DI,1,slow,27.200000000000003,16
20260303_296,DI,1,slow,59.000000000000014,16
20260303_296,DI,1,slow,58.0,16
20260303_296,DI,1,slow,15.799999999999983,16
20260303_296,DI,1,slow,10.100000000000023,16
20260303_296,DI,1,slow,65.19999999999999,16
20260303_296,DI,1,slow,67.5,16
20260303_296,DI,1,slow,25.900000000000034,16
20260303_296,DI,1,slow,23.599999999999966,16
20260303_296,DI,1,slow,19.80000000000001,16
20260303_296,DI,1,slow,16.600000000000023,16
20260303_296,DI,1,slow,40.60000000000002,16
20260303_296,DI,1,slow,18.199999999999932,16
20260303_296,DI,1,slow,84.70000000000005,16
20260303_296,DI,1,slow,18.100000000000023,16
20260303_296,DI,1,slow,5.699999999999932,16
20260303_296,DI,1,slow,15.700000000000045,16
20260303_296,DI,1,slow,52.89999999999998,16
20260303_296,DI,1,slow,16.100000000000023,16
20260303_296,DI,1,slow,18.200000000000045,16
20260303_296,DI,1,slow,22.59999999999991,16
20260303_296,DI,1,slow,26.700000000000045,16
20260303_296,DI,1,slow,21.200000000000045,16
20260303_296,DI,1,slow,10.299999999999955,16
20260303_296,DI,1,slow,9.100000000000023,16
20260303_296,DI,1,slow,31.899999999999977,16
20260303_296,DI,1,slow,12.100000000000023,16
20260303_296,DI,1,slow,15.699999999999932,16
20260303_296,DI,1,slow,16.100000000000023,16
20260303_296,DI,1,slow,3.800000000000068,16
20260303_296,DI,1,slow,16.59999999999991,16
20260303_296,DI,1,slow,18.90000000000009,16
20260303_296,DI,1,slow,7.199999999999932,16
20260303_296,DI,1,slow,14.100000000000023,16
20260303_296,DI,1,slow,20.5,16
20260303_296,DI,1,slow,16.799999999999955,16
20260303_296,DI,1,slow,31.100000000000136,16
20260303_296,DI,1,slow,10.099999999999909,16
20260303_296,DI,1,slow,20.40000000000009,16
20260303_296,DI,1,slow,10.299999999999955,16
20260303_296,DI,1,slow,18.799999999999955,16
20260303_296,DI,1,slow,22.5,16
20260303_296,DI,1,slow,17.0,16
20260303_296,DI,1,slow,27.59999999999991,16
20260303_296,DI,1,slow,13.400000000000091,16
20260303_296,DI,1,slow,2.2000000000000455,16
20260303_296,DI,1,combined,3.9000000000000004,19
20260303_296,DI,1,combined,17.6,19
20260303_296,DI,1,combined,68.6,19
20260303_296,DI,1,combined,27.200000000000003,19
20260303_296,DI,1,combined,58.40000000000002,19
20260303_296,DI,1,combined,58.89999999999998,19
20260303_296,DI,1,combined,16.0,19
20260303_296,DI,1,combined,9.900000000000034,19
20260303_296,DI,1,combined,64.69999999999999,19
20260303_296,DI,1,combined,67.69999999999999,19
20260303_296,DI,1,combined,26.100000000000023,19
20260303_296,DI,1,combined,23.099999999999966,19
20260303_296,DI,1,combined,19.900000000000034,19
20260303_296,DI,1,combined,16.899999999999977,19
20260303_296,DI,1,combined,40.50000000000006,19
20260303_296,DI,1,combined,17.299999999999955,19
20260303_296,DI,1,combined,23.799999999999955,19
20260303_296,DI,1,combined,61.000000000000114,19
20260303_296,DI,1,combined,19.799999999999955,19
20260303_296,DI,1,combined,4.7999999999999545,19
20260303_296,DI,1,combined,15.700000000000045,19
20260303_296,DI,1,combined,52.89999999999998,19
20260303_296,DI,1,combined,16.100000000000023,19
20260303_296,DI,1,combined,18.200000000000045,19
20260303_296,DI,1,combined,22.59999999999991,19
20260303_296,DI,1,combined,26.200000000000045,19
20260303_296,DI,1,combined,32.0,19
20260303_296,DI,1,combined,9.100000000000023,19
20260303_296,DI,1,combined,31.899999999999977,19
20260303_296,DI,1,combined,12.100000000000023,19
20260303_296,DI,1,combined,15.699999999999932,19
20260303_296,DI,1,combined,15.700000000000045,19
20260303_296,DI,1,combined,4.2000000000000455,19
20260303_296,DI,1,combined,16.59999999999991,19
20260303_296,DI,1,combined,19.600000000000023,19
20260303_296,DI,1,combined,2.800000000000068,19
20260303_296,DI,1,combined,3.699999999999932,19
20260303_296,DI,1,combined,14.0,19
20260303_296,DI,1,combined,20.600000000000023,19
20260303_296,DI,1,combined,16.799999999999955,19
20260303_296,DI,1,combined,31.0,19
20260303_296,DI,1,combined,10.200000000000045,19
20260303_296,DI,1,combined,19.799999999999955,19
20260303_296,DI,1,combined,10.900000000000091,19
20260303_296,DI,1,combined,18.799999999999955,19
20260303_296,DI,1,combined,22.5,19
20260303_296,DI,1,combined,16.5,19
20260303_296,DI,1,combined,28.09999999999991,19
20260303_296,DI,1,combined,12.700000000000045,19
20260303_296,DI,1,combined,3.7000000000000455,19
20260303_301,DI,1,fast,31.1,10
20260303_301,DI,1,fast,21.200000000000003,10
20260303_301,DI,1,fast,17.699999999999996,10
20260303_301,DI,1,slow,45.8,6
20260303_301,DI,1,slow,678.4000000000001,6
20260303_301,DI,1,slow,12.799999999999955,6
20260303_301,DI,1,slow,179.10000000000002,6
20260303_301,DI,1,slow,17.600000000000023,6
20260303_301,DI,1,slow,32.69999999999993,6
20260303_301,DI,1,slow,108.50000000000011,6
20260303_301,DI,1,combined,7.200000000000001,11
20260303_301,DI,1,combined,23.9,11
20260303_301,DI,1,combined,21.200000000000003,11
20260303_301,DI,1,combined,679.7,11
20260303_301,DI,1,combined,12.600000000000023,11
20260303_301,DI,1,combined,179.39999999999998,11
20260303_301,DI,1,combined,16.90000000000009,11
20260303_301,DI,1,combined,32.69999999999993,11
20260303_301,DI,1,combined,108.50000000000011,11
20260629_309,DI,1,fast,609.3,6
20260629_309,DI,1,slow,478.80000000000007,6
20260629_309,DI,1,slow,12.5,6
20260629_309,DI,1,slow,68.09999999999991,6
20260629_309,DI,1,slow,39.10000000000002,6
20260629_309,DI,1,slow,94.89999999999998,6
20260629_309,DI,1,combined,71.89999999999998,7
20260629_309,DI,1,combined,177.10000000000002,7
20260629_309,DI,1,combined,230.10000000000002,7
20260629_309,DI,1,combined,80.29999999999995,7
20260629_309,DI,1,combined,133.29999999999995,7
20260629_312,DI,1,fast,622.5,6
20260629_312,DI,1,fast,3.300000000000068,6
20260629_312,DI,1,fast,38.19999999999993,6
20260629_312,DI,1,fast,67.0,6
20260629_312,DI,1,fast,58.0,6
20260629_312,DI,1,fast,27.100000000000023,6
20260629_312,DI,1,fast,120.60000000000002,6
20260629_312,DI,1,fast,46.39999999999998,6
20260629_312,DI,1,fast,14.800000000000068,6
20260629_312,DI,1,slow,131.70000000000002,9
20260629_312,DI,1,slow,42.29999999999998,9
20260629_312,DI,1,slow,74.20000000000005,9
20260629_312,DI,1,slow,45.39999999999998,9
20260629_312,DI,1,slow,20.600000000000023,9
20260629_312,DI,1,slow,49.0,9
20260629_312,DI,1,slow,24.299999999999955,9
20260629_312,DI,1,slow,6.0,9
20260629_312,DI,1,slow,86.10000000000002,9
20260629_312,DI,1,slow,10.299999999999955,9
20260629_312,DI,1,slow,22.600000000000023,9
20260629_312,DI,1,slow,21.5,9
20260629_312,DI,1,slow,16.0,9
20260629_312,DI,1,slow,15.800000000000068,9
20260629_312,DI,1,slow,20.199999999999932,9
20260629_312,DI,1,slow,19.100000000000023,9
20260629_312,DI,1,slow,92.5,9
20260629_312,DI,1,slow,26.600000000000023,9
20260629_312,DI,1,slow,32.0,9
20260629_312,DI,1,slow,14.0,9
20260629_312,DI,1,slow,46.700000000000045,9
20260629_312,DI,1,slow,9.199999999999932,9
20260629_312,DI,1,slow,50.60000000000002,9
20260629_312,DI,1,slow,15.0,9
20260629_312,DI,1,slow,32.700000000000045,9
20260629_312,DI,1,slow,9.199999999999932,9
20260629_312,DI,1,slow,18.800000000000068,9
20260629_312,DI,1,slow,10.799999999999955,9
20260629_312,DI,1,slow,14.799999999999955,9
20260629_312,DI,1,slow,66.0,9
20260629_312,DI,1,slow,43.100000000000136,9
20260629_312,DI,1,combined,59.800000000000004,9
20260629_312,DI,1,combined,110.1,9
20260629_312,DI,1,combined,21.80000000000001,9
20260629_312,DI,1,combined,42.400000000000006,9
20260629_312,DI,1,combined,74.10000000000002,9
20260629_312,DI,1,combined,45.39999999999998,9
20260629_312,DI,1,combined,20.899999999999977,9
20260629_312,DI,1,combined,48.700000000000045,9
20260629_312,DI,1,combined,23.399999999999977,9
20260629_312,DI,1,combined,7.0,9
20260629_312,DI,1,combined,71.29999999999995,9
20260629_312,DI,1,combined,14.400000000000091,9
20260629_312,DI,1,combined,10.599999999999909,9
20260629_312,DI,1,combined,22.600000000000023,9
20260629_312,DI,1,combined,21.5,9
20260629_312,DI,1,combined,16.0,9
20260629_312,DI,1,combined,15.800000000000068,9
20260629_312,DI,1,combined,20.199999999999932,9
20260629_312,DI,1,combined,18.300000000000068,9
20260629_312,DI,1,combined,66.69999999999993,9
20260629_312,DI,1,combined,26.600000000000023,9
20260629_312,DI,1,combined,26.600000000000023,9
20260629_312,DI,1,combined,4.7999999999999545,9
20260629_312,DI,1,combined,26.800000000000068,9
20260629_312,DI,1,combined,15.100000000000023,9
20260629_312,DI,1,combined,46.0,9
20260629_312,DI,1,combined,9.199999999999932,9
20260629_312,DI,1,combined,5.899999999999977,9
20260629_312,DI,1,combined,44.700000000000045,9
20260629_312,DI,1,combined,15.0,9
20260629_312,DI,1,combined,32.700000000000045,9
20260629_312,DI,1,combined,9.199999999999932,9
20260629_312,DI,1,combined,18.800000000000068,9
20260629_312,DI,1,combined,10.799999999999955,9
20260629_312,DI,1,combined,14.5,9
20260629_312,DI,1,combined,66.29999999999995,9
20260629_312,DI,1,combined,43.100000000000136,9
20260629_312,DI,1,combined,19.09999999999991,9
20260629_314,DI,1,slow,75.59999999999991,5
20260629_314,DI,1,slow,22.800000000000068,5
20260629_314,DI,1,slow,136.39999999999998,5
20260629_314,DI,1,slow,16.0,5
20260629_314,DI,1,combined,49.900000000000006,8
20260629_314,DI,1,combined,869.6,8
20260629_314,DI,1,combined,98.0,8
20260629_314,DI,1,combined,152.69999999999993,8
20260630_316,DI,1,fast,41.5,9
20260630_316,DI,1,fast,5.0,9
20260630_316,DI,1,fast,12.0,9
20260630_316,DI,1,fast,22.5,9
20260630_316,DI,1,fast,93.4,9
20260630_316,DI,1,fast,9.700000000000017,9
20260630_316,DI,1,slow,43.800000000000004,12
20260630_316,DI,1,slow,22.799999999999997,12
20260630_316,DI,1,slow,22.799999999999997,12
20260630_316,DI,1,slow,8.300000000000011,12
20260630_316,DI,1,slow,30.400000000000006,12
20260630_316,DI,1,slow,25.0,12
20260630_316,DI,1,slow,7.5,12
20260630_316,DI,1,slow,9.699999999999989,12
20260630_316,DI,1,slow,41.70000000000002,12
20260630_316,DI,1,slow,13.0,12
20260630_316,DI,1,slow,24.899999999999977,12
20260630_316,DI,1,slow,15.100000000000023,12
20260630_316,DI,1,slow,42.80000000000001,12
20260630_316,DI,1,slow,24.0,12
20260630_316,DI,1,slow,9.899999999999977,12
20260630_316,DI,1,slow,12.400000000000034,12
20260630_316,DI,1,slow,61.299999999999955,12
20260630_316,DI,1,slow,56.200000000000045,12
20260630_316,DI,1,slow,44.799999999999955,12
20260630_316,DI,1,slow,133.80000000000007,12
20260630_316,DI,1,slow,42.19999999999993,12
20260630_316,DI,1,slow,6.900000000000091,12
20260630_316,DI,1,slow,7.7999999999999545,12
20260630_316,DI,1,slow,129.39999999999998,12
20260630_316,DI,1,slow,111.89999999999998,12
20260630_316,DI,1,slow,20.800000000000068,12
20260630_316,DI,1,slow,20.199999999999932,12
20260630_316,DI,1,slow,66.20000000000005,12
20260630_316,DI,1,combined,15.100000000000001,14
20260630_316,DI,1,combined,26.4,14
20260630_316,DI,1,combined,5.0,14
20260630_316,DI,1,combined,12.100000000000001,14
20260630_316,DI,1,combined,23.000000000000007,14
20260630_316,DI,1,combined,31.599999999999994,14
20260630_316,DI,1,combined,30.000000000000014,14
20260630_316,DI,1,combined,23.19999999999999,14
20260630_316,DI,1,combined,8.099999999999994,14
20260630_316,DI,1,combined,11.0,14
20260630_316,DI,1,combined,41.80000000000001,14
20260630_316,DI,1,combined,12.800000000000011,14
20260630_316,DI,1,combined,24.899999999999977,14
20260630_316,DI,1,combined,15.100000000000023,14
20260630_316,DI,1,combined,42.80000000000001,14
20260630_316,DI,1,combined,24.099999999999966,14
20260630_316,DI,1,combined,9.800000000000011,14
20260630_316,DI,1,combined,12.400000000000034,14
20260630_316,DI,1,combined,61.299999999999955,14
20260630_316,DI,1,combined,56.10000000000002,14
20260630_316,DI,1,combined,44.89999999999998,14
20260630_316,DI,1,combined,133.80000000000007,14
20260630_316,DI,1,combined,42.60000000000002,14
20260630_316,DI,1,combined,6.5,14
20260630_316,DI,1,combined,7.7999999999999545,14
20260630_316,DI,1,combined,129.39999999999998,14
20260630_316,DI,1,combined,132.70000000000005,14
20260630_316,DI,1,combined,20.299999999999955,14
20260630_316,DI,1,combined,66.10000000000002,14
20260630_325,DI,1,fast,339.6,8
20260630_325,DI,1,fast,128.5,8
20260630_325,DI,1,fast,56.299999999999955,8
20260630_325,DI,1,fast,2.800000000000068,8
20260630_325,DI,1,fast,65.39999999999998,8
20260630_325,DI,1,fast,284.4000000000001,8
20260630_325,DI,1,fast,19.299999999999955,8
20260630_325,DI,1,fast,6.2999999999999545,8
20260630_325,DI,1,fast,43.200000000000045,8
20260630_325,DI,1,slow,90.19999999999999,10
20260630_325,DI,1,slow,90.20000000000005,10
20260630_325,DI,1,slow,128.60000000000002,10
20260630_325,DI,1,slow,14.0,10
20260630_325,DI,1,slow,16.09999999999991,10
20260630_325,DI,1,slow,32.10000000000002,10
20260630_325,DI,1,slow,17.399999999999977,10
20260630_325,DI,1,slow,8.100000000000023,10
20260630_325,DI,1,slow,25.200000000000045,10
20260630_325,DI,1,slow,7.7999999999999545,10
20260630_325,DI,1,slow,27.700000000000045,10
20260630_325,DI,1,slow,66.29999999999995,10
20260630_325,DI,1,slow,35.40000000000009,10
20260630_325,DI,1,slow,20.299999999999955,10
20260630_325,DI,1,slow,11.399999999999977,10
20260630_325,DI,1,slow,23.100000000000023,10
20260630_325,DI,1,slow,18.799999999999955,10
20260630_325,DI,1,slow,17.0,10
20260630_325,DI,1,slow,13.600000000000023,10
20260630_325,DI,1,slow,33.0,10
20260630_325,DI,1,slow,13.399999999999977,10
20260630_325,DI,1,slow,18.90000000000009,10
20260630_325,DI,1,slow,6.899999999999977,10
20260630_325,DI,1,slow,20.5,10
20260630_325,DI,1,slow,52.39999999999998,10
20260630_325,DI,1,slow,9.400000000000091,10
20260630_325,DI,1,slow,8.599999999999909,10
20260630_325,DI,1,slow,9.200000000000045,10
20260630_325,DI,1,slow,40.200000000000045,10
20260630_325,DI,1,slow,49.399999999999864,10
20260630_325,DI,1,slow,10.0,10
20260630_325,DI,1,slow,28.40000000000009,10
20260630_325,DI,1,combined,91.89999999999998,11
20260630_325,DI,1,combined,90.20000000000005,11
20260630_325,DI,1,combined,128.60000000000002,11
20260630_325,DI,1,combined,14.0,11
20260630_325,DI,1,combined,16.09999999999991,11
20260630_325,DI,1,combined,32.10000000000002,11
20260630_325,DI,1,combined,17.399999999999977,11
20260630_325,DI,1,combined,8.100000000000023,11
20260630_325,DI,1,combined,25.200000000000045,11
20260630_325,DI,1,combined,7.7999999999999545,11
20260630_325,DI,1,combined,27.600000000000023,11
20260630_325,DI,1,combined,9.100000000000023,11
20260630_325,DI,1,combined,57.299999999999955,11
20260630_325,DI,1,combined,34.80000000000007,11
20260630_325,DI,1,combined,20.899999999999977,11
20260630_325,DI,1,combined,11.399999999999977,11
20260630_325,DI,1,combined,23.100000000000023,11
20260630_325,DI,1,combined,18.799999999999955,11
20260630_325,DI,1,combined,17.0,11
20260630_325,DI,1,combined,13.600000000000023,11
20260630_325,DI,1,combined,33.0,11
20260630_325,DI,1,combined,13.200000000000045,11
20260630_325,DI,1,combined,20.299999999999955,11
20260630_325,DI,1,combined,5.7000000000000455,11
20260630_325,DI,1,combined,20.5,11
20260630_325,DI,1,combined,52.39999999999998,11
20260630_325,DI,1,combined,9.799999999999955,11
20260630_325,DI,1,combined,8.200000000000045,11
20260630_325,DI,1,combined,9.200000000000045,11
20260630_325,DI,1,combined,39.700000000000045,11
20260630_325,DI,1,combined,19.59999999999991,11
20260630_325,DI,1,combined,7.2999999999999545,11
20260630_325,DI,1,combined,23.0,11
20260630_325,DI,1,combined,10.0,11
20260630_325,DI,1,combined,8.900000000000091,11
20260702_334,OVX,1,fast,3.1999999999999993,13
20260702_334,OVX,1,fast,6.200000000000003,13
20260702_334,OVX,1,fast,22.9,13
20260702_334,OVX,1,slow,28.299999999999955,8
20260702_334,OVX,1,slow,266.79999999999995,8
20260702_334,OVX,1,combined,3.1999999999999993,13
20260702_334,OVX,1,combined,6.200000000000003,13
20260702_334,OVX,1,combined,22.9,13
20260702_334,OVX,1,combined,42.6,13
20260702_334,OVX,1,combined,696.8,13
20260702_334,OVX,1,combined,28.200000000000045,13
20260702_334,OVX,1,combined,266.5,13
20260706_341,MALE,1,fast,477.5,8
20260706_341,MALE,1,fast,322.9000000000001,8
20260706_341,MALE,1,fast,28.899999999999977,8
20260706_341,MALE,1,fast,38.0,8
20260706_341,MALE,1,fast,12.399999999999977,8
20260706_341,MALE,1,fast,20.700000000000045,8
20260706_341,MALE,1,fast,98.29999999999995,8
20260706_341,MALE,1,fast,11.0,8
20260706_341,MALE,1,fast,73.79999999999995,8
20260706_341,MALE,1,fast,38.600000000000136,8
20260706_341,MALE,1,fast,3.5,8
20260706_341,MALE,1,fast,50.59999999999991,8
20260706_341,MALE,1,slow,72.30000000000001,10
20260706_341,MALE,1,slow,59.700000000000045,10
20260706_341,MALE,1,slow,23.399999999999977,10
20260706_341,MALE,1,slow,48.39999999999998,10
20260706_341,MALE,1,slow,94.39999999999998,10
20260706_341,MALE,1,slow,83.80000000000007,10
20260706_341,MALE,1,slow,12.399999999999977,10
20260706_341,MALE,1,slow,29.5,10
20260706_341,MALE,1,slow,31.0,10
20260706_341,MALE,1,slow,5.899999999999977,10
20260706_341,MALE,1,slow,13.5,10
20260706_341,MALE,1,slow,20.800000000000068,10
20260706_341,MALE,1,slow,41.69999999999993,10
20260706_341,MALE,1,slow,33.30000000000007,10
20260706_341,MALE,1,slow,22.5,10
20260706_341,MALE,1,slow,11.199999999999932,10
20260706_341,MALE,1,slow,48.30000000000007,10
20260706_341,MALE,1,slow,26.09999999999991,10
20260706_341,MALE,1,slow,17.40000000000009,10
20260706_341,MALE,1,slow,22.899999999999864,10
20260706_341,MALE,1,slow,51.90000000000009,10
20260706_341,MALE,1,combined,233.9,12
20260706_341,MALE,1,combined,171.9,12
20260706_341,MALE,1,combined,72.30000000000001,12
20260706_341,MALE,1,combined,59.700000000000045,12
20260706_341,MALE,1,combined,23.399999999999977,12
20260706_341,MALE,1,combined,48.39999999999998,12
20260706_341,MALE,1,combined,94.39999999999998,12
20260706_341,MALE,1,combined,83.80000000000007,12
20260706_341,MALE,1,combined,12.600000000000023,12
20260706_341,MALE,1,combined,29.299999999999955,12
20260706_341,MALE,1,combined,31.0,12
20260706_341,MALE,1,combined,6.600000000000023,12
20260706_341,MALE,1,combined,12.5,12
20260706_341,MALE,1,combined,21.100000000000023,12
20260706_341,MALE,1,combined,41.69999999999993,12
20260706_341,MALE,1,combined,33.30000000000007,12
20260706_341,MALE,1,combined,22.799999999999955,12
20260706_341,MALE,1,combined,11.0,12
20260706_341,MALE,1,combined,48.40000000000009,12
20260706_341,MALE,1,combined,25.899999999999864,12
20260706_341,MALE,1,combined,17.40000000000009,12
20260706_341,MALE,1,combined,23.399999999999864,12
20260706_341,MALE,1,combined,51.40000000000009,12
20260706_343,MALE,1,fast,860.3000000000001,13
20260706_343,MALE,1,fast,38.10000000000002,13
20260706_343,MALE,1,fast,3.599999999999909,13
20260706_343,MALE,1,slow,54.90000000000009,9
20260706_343,MALE,1,slow,40.39999999999998,9
20260706_343,MALE,1,slow,170.4999999999999,9
20260706_343,MALE,1,slow,22.300000000000182,9
20260706_343,MALE,1,slow,60.5,9
20260706_343,MALE,1,slow,26.09999999999991,9
20260706_343,MALE,1,combined,319.70000000000005,14
20260706_343,MALE,1,combined,353.1,14
20260706_343,MALE,1,combined,130.69999999999993,14
20260706_343,MALE,1,combined,55.30000000000007,14
20260706_343,MALE,1,combined,40.0,14
20260706_343,MALE,1,combined,3.199999999999932,14
20260706_343,MALE,1,combined,167.4000000000001,14
20260706_343,MALE,1,combined,22.200000000000045,14
20260706_343,MALE,1,combined,61.0,14
20260706_343,MALE,1,combined,25.899999999999864,14
20260707_348,MALE,1,fast,754.9000000000001,4
20260707_348,MALE,1,fast,131.89999999999998,4
20260707_348,MALE,1,slow,15.700000000000045,7
20260707_348,MALE,1,slow,132.19999999999993,7
20260707_348,MALE,1,slow,50.5,7
20260707_348,MALE,1,combined,131.79999999999995,7
20260707_348,MALE,1,combined,16.0,7
20260707_348,MALE,1,combined,132.5,7
20260707_348,MALE,1,combined,50.0,7
