name,born,last_write
generator-revision-input,2026-08-16 15:03,2026-08-20 22:07
dead-rois-not-yet-filtered,2026-08-16 15:42,2026-08-20 22:08
window-deltas,2026-08-19 08:47,2026-08-20 22:11
ci-browser,2026-08-19 22:12,2026-08-20 10:42
heredoc-note,2026-08-19 22:28,2026-08-20 22:05
hygiene,2026-08-19 22:51,2026-08-20 12:02
contract-trust,2026-08-19 23:25,2026-08-20 10:03
tools-folder,2026-08-19 23:44,2026-08-20 10:08
synfire-folder,2026-08-20 10:04,2026-08-20 16:19
board-proposal,2026-08-20 10:40,2026-08-20 10:40
tools-dataset,2026-08-20 11:12,2026-08-20 16:05
splice-scoring,2026-08-20 14:13,2026-08-20 14:28
pensub-validation,2026-08-20 14:48,2026-08-20 16:04
download-button,2026-08-20 14:55,2026-08-20 15:06
reaim-guard,2026-08-20 15:01,2026-08-20 16:05
cicada,2026-08-20 15:30,2026-08-20 15:40
widthdef,2026-08-20 16:23,2026-08-20 16:27
webapp-overnight,2026-08-20 22:06,2026-08-22 16:41
parameter-spec-v2,2026-08-20 22:08,2026-08-20 22:12
pipeline-nav,2026-08-22 17:51,2026-08-22 18:28
forks-next,2026-08-23 09:47,2026-08-23 09:56
crowded-regime,2026-08-23 14:36,2026-08-23 14:46
count-matched,2026-08-23 15:19,2026-08-23 15:33
sync-two-knobs,2026-08-23 16:25,2026-08-23 16:26
assess-browser,2026-08-23 16:28,2026-08-23 16:28
assess-cli,2026-08-23 16:28,2026-08-23 16:33
triage-e2e,2026-08-23 16:29,2026-08-23 16:29
