# Dead-ROI verdicts, CONSUMED not recomputed.
# Source of record: the R team's rule (fireflies decisions/0002), applied by
# interface2's if2_dead_roi_keep against
#   2R/2026-08-15/long_window_20_strict_ROI/long_window_20_strict_ROI_custard_20260815.csv
# (the CURRENT roster; the pipeline's own default points into 2R/QUARANTINE/).
#
# The rule needs drug and high-K rows, which FOUNDATIONS SS9 keeps out of this repo's
# baseline-only reach — so the VERDICTS are vendored here and the rule is not ported.
# keep=0 means the R team rejected that ROI. A slice with no rejections may simply be
# ineligible for a verdict (18 of 85 are); that is the spec, not a bug.
# Regenerate: interface2 dump_droi.m on branch bct-modularity-fast.
slice_id,roi_index,keep
20240708_13,1,1
20240708_13,2,1
20240708_13,3,1
20240708_13,4,1
20240708_13,5,1
20240708_13,6,1
20240708_13,7,1
20240708_13,8,1
20240708_13,9,1
20240708_13,10,1
20240708_13,11,1
20240708_13,12,1
20240708_13,13,1
20240708_13,14,1
20240708_13,15,1
20240708_13,16,1
20240708_13,17,1
20240708_13,18,1
20240708_13,19,1
20240708_13,20,1
20240708_13,21,1
20240708_13,22,1
20240708_13,23,1
20240708_13,24,1
20240708_13,25,1
20240708_13,26,1
20240708_13,27,1
20240708_13,28,1
20240708_13,29,1
20240708_13,30,1
20240708_13,31,1
20240708_13,32,1
20240708_13,33,1
20240708_13,34,1
20240708_17,1,1
20240708_17,2,1
20240708_17,3,1
20240708_17,4,1
20240708_17,5,1
20240708_17,6,1
20240708_17,7,1
20240708_17,8,1
20240708_17,9,1
20240708_17,10,1
20240708_17,11,1
20240708_17,12,1
20240708_17,13,1
20240708_17,14,1
20240708_17,15,1
20240708_17,16,1
20240708_17,17,1
20240708_17,18,1
20240708_17,19,1
20240708_17,20,1
20240708_17,21,1
20240708_17,22,1
20240708_17,23,1
20240708_17,24,1
20240708_17,25,1
20240708_17,26,1
20240708_17,27,1
20240708_17,28,1
20240708_17,29,1
20240708_17,30,1
20240708_17,31,1
20240723_22,1,1
20240723_22,2,1
20240723_22,3,1
20240723_22,4,1
20240723_22,5,1
20240723_22,6,1
20240723_22,7,1
20240723_22,8,1
20240723_22,9,1
20240723_22,10,1
20240723_22,11,1
20240723_22,12,1
20240723_22,13,1
20240723_22,14,1
20240723_22,15,1
20240723_22,16,1
20240723_22,17,1
20240723_22,18,1
20240723_22,19,1
20240723_22,20,1
20240723_22,21,1
20240723_22,22,1
20240723_22,23,1
20240723_22,24,1
20240726_34,1,1
20240726_34,2,1
20240726_34,3,1
20240726_34,4,1
20240726_34,5,1
20240726_34,6,1
20240726_34,7,1
20240726_34,8,1
20240726_34,9,1
20240726_34,10,1
20240726_34,11,1
20240726_34,12,1
20240726_34,13,1
20240726_34,14,1
20240726_34,15,1
20240726_34,16,1
20240726_34,17,1
20240726_34,18,1
20240726_34,19,1
20240726_34,20,1
20240726_34,21,1
20240726_34,22,1
20240726_34,23,1
20240726_34,24,1
20240726_34,25,1
20240726_34,26,1
20240726_34,27,1
20240726_34,28,1
20240726_34,29,1
20240726_34,30,1
20240726_34,31,1
20240726_34,32,1
20240726_34,33,1
20240726_34,34,1
20240726_36,1,1
20240726_36,2,1
20240726_36,3,1
20240726_36,4,1
20240726_36,5,1
20240726_36,6,1
20240726_36,7,1
20240726_36,8,1
20240726_36,9,1
20240726_36,10,1
20240726_36,11,1
20240726_36,12,1
20240726_36,13,1
20240726_36,14,1
20240726_36,15,1
20240726_36,16,1
20240726_36,17,1
20240726_36,18,1
20240726_36,19,1
20240726_36,20,1
20240726_36,21,1
20240726_36,22,1
20240726_36,23,1
20240726_36,24,1
20240726_36,25,1
20240726_36,26,1
20240726_36,27,1
20240726_36,28,1
20240726_36,29,1
20240726_36,30,1
20240726_36,31,1
20240726_36,32,1
20240726_36,33,1
20240726_36,34,1
20240726_36,35,1
20240726_36,36,1
20240726_36,37,1
20240726_36,38,1
20240726_36,39,1
20240726_36,40,1
20240726_36,41,1
20240726_36,42,1
20240726_36,43,1
20240726_36,44,1
20240726_36,45,1
20240726_36,46,1
20240726_36,47,1
20240726_36,48,1
20240726_36,49,1
20240726_36,50,1
20240726_36,51,1
20240813_39,1,1
20240813_39,2,1
20240813_39,3,1
20240813_39,4,1
20240813_39,5,1
20240813_39,6,1
20240813_39,7,1
20240813_39,8,1
20240813_39,9,1
20240813_39,10,1
20240813_39,11,1
20240813_39,12,1
20240813_39,13,1
20240813_39,14,1
20240813_39,15,1
20240813_39,16,1
20240813_39,17,1
20240813_39,18,1
20240813_39,19,1
20240813_39,20,1
20240813_39,21,1
20240813_39,22,1
20240813_39,23,1
20240813_39,24,1
20240813_39,25,1
20240813_39,26,1
20240813_39,27,1
20240813_39,28,1
20240813_39,29,1
20240813_39,30,1
20240813_39,31,1
20240813_39,32,1
20240813_39,33,1
20240813_39,34,1
20240813_39,35,1
20240813_39,36,1
20240813_39,37,1
20240813b42,1,1
20240813b42,2,1
20240813b42,3,1
20240813b42,4,1
20240813b42,5,1
20240813b42,6,1
20240813b42,7,1
20240813b42,8,1
20240813b42,9,1
20240813b42,10,1
20240813b42,11,1
20240813b42,12,1
20240813b42,13,1
20240813b42,14,1
20240813b42,15,1
20240813b42,16,1
20240813b42,17,1
20240813b42,18,1
20240813b42,19,1
20240813b42,20,1
20240813b42,21,1
20240813b42,22,1
20240813b42,23,1
20240813b42,24,1
20240813b42,25,1
20240813b42,26,1
20240813b42,27,1
20240813b42,28,1
20240813b42,29,1
20240813b42,30,1
20240813b42,31,1
20240813b42,32,1
20240813b42,33,1
20240813b42,34,1
20240813b42,35,1
20240813b42,36,1
20240813b42,37,1
20240814a47,1,1
20240814a47,2,1
20240814a47,3,1
20240814a47,4,1
20240814a47,5,1
20240814a47,6,1
20240814a47,7,1
20240814a47,8,1
20240814a47,9,1
20240814a47,10,1
20240814a47,11,1
20240814a47,12,1
20240814a47,13,1
20240814a47,14,1
20240814a47,15,1
20240814a47,16,1
20240814a47,17,1
20240814b49,1,1
20240814b49,2,1
20240814b49,3,1
20240814b49,4,1
20240814b49,5,1
20240814b49,6,1
20240814b49,7,1
20240814b49,8,1
20240814b49,9,1
20240814b49,10,1
20240814b49,11,1
20240814b49,12,1
20240814b49,13,1
20240814b49,14,1
20240814b49,15,1
20240814b49,16,1
20240814b49,17,1
20240814b49,18,1
20240814b49,19,1
20240814b49,20,1
20240814b49,21,1
20240814b49,22,1
20240814b49,23,1
20240814b49,24,1
20240814b49,25,1
20240814b49,26,1
20240814b49,27,1
20240814b49,28,1
20240814b49,29,1
20240814b49,30,1
20240814b49,31,1
20240814b49,32,1
20240814b49,33,1
20240814b49,34,1
20240814b49,35,1
20240814b49,36,1
20240814b49,37,1
20240814b49,38,1
20240814b49,39,1
20240814b49,40,1
20240814b49,41,1
20240814b49,42,1
20240814b49,43,1
20240815a51,1,1
20240815a51,2,1
20240815a51,3,1
20240815a51,4,1
20240815a51,5,1
20240815a51,6,1
20240815a51,7,1
20240815a51,8,1
20240815a51,9,1
20240815a51,10,1
20240815a51,11,1
20240815a51,12,1
20240815a51,13,1
20240815a51,14,1
20240815a51,15,1
20240815a51,16,1
20240815a51,17,1
20240815a51,18,1
20240815a51,19,1
20240815a51,20,1
20240815a51,21,1
20240815a51,22,1
20240815a51,23,1
20240815a51,24,1
20240815b53,1,1
20240815b53,2,1
20240815b53,3,1
20240815b53,4,1
20240815b53,5,1
20240815b53,6,1
20240815b53,7,1
20240815b53,8,1
20240815b53,9,1
20240815b53,10,1
20240815b53,11,1
20240815b53,12,1
20240815b53,13,1
20240815b53,14,1
20240815b53,15,1
20240815b53,16,1
20240815b53,17,1
20240815b53,18,1
20240815b53,19,1
20240815b53,20,1
20240815b53,21,1
20240815b53,22,1
20240815b53,23,1
20240815b53,24,1
20240815b53,25,1
20240815b53,26,1
20240815b53,27,1
20240815b53,28,1
20240815b53,29,1
20240815b53,30,1
20240815b53,31,1
20240815b53,32,1
20240815b53,33,1
20240815b53,34,1
20240815b53,35,1
20240815b53,36,1
20240815b53,37,1
20240827a55,1,1
20240827a55,2,1
20240827a55,3,1
20240827a55,4,1
20240827a55,5,1
20240827a55,6,1
20240827a55,7,1
20240827a55,8,1
20240827a55,9,1
20240827a55,10,1
20240827a55,11,1
20240827a55,12,1
20240827a55,13,1
20240827a55,14,1
20240827a55,15,1
20240827a55,16,1
20240827a55,17,1
20240827a55,18,1
20240827a55,19,1
20240827a55,20,1
20240827a55,21,1
20240827a55,22,1
20240827a55,23,1
20240827a55,24,1
20240827a55,25,1
20240827a55,26,1
20240827a55,27,1
20240827a55,28,1
20240827a55,29,1
20240827b57,1,1
20240827b57,2,1
20240827b57,3,1
20240827b57,4,1
20240827b57,5,1
20240827b57,6,1
20240827b57,7,1
20240827b57,8,1
20240827b57,9,1
20240827b57,10,1
20240827b57,11,1
20240827b57,12,1
20240827b57,13,1
20240827b57,14,1
20240827b57,15,1
20240827b57,16,1
20240827b57,17,1
20240827b57,18,1
20240827b57,19,1
20240827b57,20,1
20240827b57,21,1
20240827b57,22,1
20240827b57,23,1
20240827b57,24,1
20240827b57,25,1
20240827b57,26,1
20240827b57,27,1
20240827b57,28,1
20240827b57,29,1
20240827b57,30,1
20240827b57,31,1
20240827b57,32,1
20240827b57,33,1
20240827b57,34,1
20240827b57,35,1
20240827b57,36,1
20240930_65,1,1
20240930_65,2,1
20240930_65,3,1
20240930_65,4,1
20240930_65,5,1
20240930_65,6,1
20240930_65,7,1
20240930_65,8,1
20240930_65,9,1
20240930_65,10,1
20240930_65,11,1
20240930_65,12,1
20240930_65,13,1
20240930_65,14,1
20240930_65,15,1
20240930_65,16,1
20240930_65,17,1
20240930_65,18,1
20240930_65,19,1
20240930_65,20,1
20240930_65,21,1
20240930_65,22,1
20240930_65,23,1
20240930_65,24,1
20240930_65,25,1
20240930_65,26,1
20240930_65,27,1
20240930_65,28,1
20240930_65,29,1
20240930_65,30,1
20240930_65,31,1
20240930_65,32,1
20240930_65,33,1
20240930_65,34,1
20240930_65,35,1
20240930_65,36,1
20240930_65,37,1
20240930_65,38,1
20240930_65,39,1
20240930_65,40,1
20240930_65,41,1
20240930_65,42,1
20240930_65,43,1
20240930_65,44,1
20240930_65,45,1
20240930_65,46,1
20240930_65,47,1
20240930_65,48,1
20240930_65,49,1
20240930_65,50,1
20240930_65,51,1
20240930_65,52,1
20240930_65,53,1
20240930_69,1,1
20240930_69,2,1
20240930_69,3,1
20240930_69,4,1
20240930_69,5,1
20240930_69,6,1
20240930_69,7,1
20240930_69,8,1
20240930_69,9,1
20240930_69,10,1
20240930_69,11,1
20240930_69,12,1
20240930_69,13,1
20240930_69,14,1
20240930_69,15,1
20240930_69,16,1
20240930_69,17,1
20240930_69,18,1
20240930_69,19,1
20241002_72,1,1
20241002_72,2,1
20241002_72,3,0
20241002_72,4,1
20241002_72,5,0
20241002_72,6,0
20241002_72,7,1
20241002_72,8,1
20241002_72,9,1
20241002_72,10,1
20241002_72,11,1
20241002_72,12,1
20241002_72,13,1
20241002_72,14,0
20241002_72,15,1
20241002_72,16,0
20241002_72,17,1
20241002_72,18,1
20241002_72,19,1
20241002_72,20,1
20241002_72,21,0
20241002_72,22,1
20241002_72,23,1
20241002_72,24,1
20241002_72,25,1
20241004_80,1,1
20241004_80,2,1
20241004_80,3,1
20241004_80,4,1
20241004_80,5,1
20241004_80,6,1
20241004_80,7,1
20241004_80,8,1
20241004_80,9,1
20241120_94,1,1
20241120_94,2,1
20241120_94,3,1
20241120_94,4,1
20241120_94,5,1
20241120_94,6,1
20241120_94,7,1
20241120_94,8,1
20241120_94,9,1
20241120_94,10,1
20241120_94,11,1
20241120_94,12,1
20241120_94,13,1
20241120_94,14,1
20241120_94,15,1
20241120_94,16,1
20241120_94,17,1
20241120_94,18,1
20241120_94,19,1
20241120_94,20,1
20241120_94,21,1
20241120_94,22,1
20241120_94,23,1
20241120_94,24,1
20241120_94,25,1
20241120_94,26,1
20241120_94,27,1
20241120_94,28,1
20241120_94,29,1
20241120_94,30,1
20241120_94,31,1
20241120_94,32,1
20241120_94,33,1
20241120_94,34,1
20241120_94,35,1
20241120_94,36,1
20241120_94,37,1
20241120_94,38,1
20241120_94,39,1
20241120_96,1,1
20241120_96,2,1
20241120_96,3,1
20241120_96,4,1
20241120_96,5,1
20241120_96,6,1
20241120_96,7,1
20241120_96,8,1
20241120_96,9,1
20241120_96,10,1
20241120_96,11,1
20241120_96,12,1
20241120_96,13,1
20241120_96,14,1
20241120_96,15,1
20241120_96,16,1
20241120_96,17,1
20241120_96,18,1
20241120_96,19,1
20241120_96,20,1
20241120_96,21,1
20241120_96,22,1
20241120_96,23,1
20241120_96,24,1
20241120_96,25,1
20241120_96,26,1
20241120_96,27,1
20241120_96,28,1
20241120_96,29,1
20241120_96,30,1
20241120_96,31,1
20241120_96,32,1
20241120_96,33,1
20241120_96,34,1
20241120_96,35,1
20241120_96,36,1
20241120_96,37,1
20241120_96,38,1
20241120_96,39,1
20241120_96,40,1
20241120_96,41,1
20241120_96,42,1
20241120_96,43,1
20241120_96,44,1
20241120_96,45,1
20241120_96,46,1
20241121a_98,1,1
20241121a_98,2,1
20241121a_98,3,1
20241121a_98,4,1
20241121a_98,5,1
20241121a_98,6,1
20241121a_98,7,1
20241121a_98,8,1
20241121a_98,9,1
20241121a_98,10,1
20241121a_98,11,1
20241121a_98,12,1
20241121a_98,13,1
20241121a_98,14,1
20241121a_98,15,1
20241121a_98,16,1
20241121a_98,17,1
20241121a_98,18,1
20241121a_98,19,1
20241121a_98,20,1
20241121a_98,21,1
20241121a_98,22,1
20241121a_98,23,1
20241121a_98,24,1
20241121a_98,25,1
20241121a_98,26,1
20241121a_98,27,1
20241121a_98,28,1
20241121b_103,1,1
20241121b_103,2,1
20241121b_103,3,1
20241121b_103,4,1
20241121b_103,5,1
20241121b_103,6,1
20241121b_103,7,1
20241121b_103,8,1
20241121b_103,9,1
20241121b_103,10,1
20241121b_103,11,1
20241121b_103,12,1
20241121b_103,13,1
20241121b_103,14,1
20241121b_103,15,1
20241121b_103,16,1
20241121b_103,17,1
20241121b_103,18,1
20241121b_103,19,1
20241121b_103,20,1
20241121b_103,21,1
20241121b_103,22,1
20241121b_103,23,1
20241121b_103,24,1
20241121b_103,25,1
20241121b_103,26,1
20241121b_103,27,1
20241121b_103,28,1
20241121b_103,29,1
20241121b_103,30,1
20241121b_103,31,1
20241121b_103,32,1
20241122a_105,1,1
20241122a_105,2,1
20241122a_105,3,1
20241122a_105,4,1
20241122a_105,5,1
20241122a_105,6,1
20241122a_105,7,1
20241122a_105,8,1
20241122a_105,9,1
20241122a_105,10,1
20241122a_105,11,1
20241122a_105,12,1
20241122a_105,13,1
20241122a_105,14,1
20241122a_105,15,1
20241122a_105,16,1
20241122a_105,17,1
20241122a_105,18,1
20241122a_105,19,1
20241122a_105,20,1
20241122a_105,21,1
20241122b_110,1,1
20241122b_110,2,1
20241122b_110,3,1
20241122b_110,4,1
20241122b_110,5,1
20241122b_110,6,0
20241122b_110,7,0
20241122b_110,8,1
20241122b_110,9,1
20241122b_110,10,1
20241122b_110,11,1
20241122b_110,12,1
20241122b_110,13,1
20241122b_110,14,1
20241122b_110,15,1
20241122b_110,16,0
20241122b_110,17,0
20241122b_110,18,0
20241122b_110,19,0
20241122b_110,20,1
20241122b_110,21,0
20241122b_110,22,1
20241122b_110,23,0
20241122b_110,24,0
20241122b_110,25,1
20241122b_110,26,1
20241122b_110,27,1
20241122b_110,28,1
20241122b_110,29,1
20241122b_110,30,0
20241122b_110,31,0
20241122b_110,32,1
20241122b_110,33,1
20241122b_110,34,1
20241122b_110,35,1
20241122b_110,36,1
20241211_124,1,1
20241211_124,2,1
20241211_124,3,1
20241211_124,4,1
20241211_124,5,1
20241211_124,6,1
20241211_124,7,1
20241211_124,8,1
20241211_124,9,1
20241211_124,10,1
20241211_124,11,1
20241211_124,12,1
20241211_124,13,1
20241211_124,14,1
20241211_124,15,1
20241211_124,16,1
20241211_124,17,1
20241211_124,18,1
20241211_124,19,1
20241211_124,20,1
20241211_124,21,1
20241211_124,22,1
20241211_124,23,1
20241211_124,24,1
20241211_127,1,1
20241211_127,2,1
20241211_127,3,1
20241211_127,4,1
20241211_127,5,1
20241211_127,6,1
20241211_127,7,1
20241211_127,8,1
20241211_127,9,1
20241211_127,10,1
20241211_127,11,1
20241211_127,12,1
20241211_127,13,1
20241211_127,14,1
20241211_127,15,1
20241211_127,16,1
20241211_127,17,1
20241211_127,18,1
20241211_127,19,1
20241211_127,20,1
20241211_127,21,1
20241211_127,22,1
20241211_127,23,1
20241211_127,24,1
20241211_127,25,1
20241211_127,26,1
20241211_127,27,1
20241211_127,28,1
20241211_127,29,1
20241211_127,30,1
20241211_127,31,1
20241211_127,32,1
20241211_127,33,1
20241211_127,34,1
20241211_127,35,1
20241211_127,36,1
20241211_127,37,1
20241211_127,38,1
20241211_127,39,1
20241211_127,40,1
20241211_127,41,1
20241211_127,42,1
20241211_127,43,1
20241211_127,44,1
20241211_127,45,1
20241212_131,1,1
20241212_131,2,1
20241212_131,3,1
20241212_131,4,1
20241212_131,5,1
20241212_131,6,1
20241212_131,7,1
20241212_131,8,1
20241212_131,9,1
20241212_131,10,1
20241212_131,11,1
20241212_131,12,1
20241212_131,13,1
20241212_131,14,1
20241212_131,15,1
20241212_131,16,1
20241212_131,17,1
20241212_131,18,1
20241212_131,19,1
20241212_131,20,1
20241212_131,21,1
20241212_131,22,1
20241212_131,23,1
20241212_131,24,1
20241212_131,25,1
20241212_131,26,1
20241212_131,27,1
20241212_131,28,1
20241212_131,29,1
20241212_131,30,1
20241212_131,31,1
20241212_131,32,1
20241212_131,33,1
20241216_135,1,1
20241216_135,2,1
20241216_135,3,1
20241216_135,4,1
20241216_135,5,1
20241216_135,6,1
20241216_135,7,1
20241216_135,8,1
20241216_135,9,1
20241216_135,10,1
20241216_135,11,1
20241216_135,12,1
20241216_135,13,1
20241216_135,14,1
20241216_135,15,1
20241216_135,16,1
20241216_135,17,1
20241216_137,1,1
20241216_137,2,1
20241216_137,3,1
20241216_137,4,1
20241216_137,5,1
20241216_137,6,1
20241216_137,7,1
20241216_137,8,1
20241216_137,9,1
20241216_137,10,1
20241216_137,11,1
20241216_137,12,1
20241216_137,13,1
20241216_137,14,1
20241216_137,15,1
20241216_137,16,1
20241216_137,17,1
20241216_137,18,1
20241216_137,19,1
20241216_137,20,1
20241216_137,21,1
20241216_137,22,1
20241216_137,23,1
20250731_149,1,1
20250731_149,2,1
20250731_149,3,1
20250731_149,4,1
20250731_149,5,1
20250731_149,6,1
20250731_149,7,1
20250731_149,8,1
20250731_149,9,1
20250731_149,10,1
20250731_149,11,1
20250731_149,12,1
20250731_149,13,1
20250731_149,14,1
20250731_149,15,1
20250731_149,16,1
20250731_149,17,1
20250731_149,18,1
20250731_149,19,1
20250731_149,20,1
20250731_149,21,1
20250731_149,22,1
20250731_149,23,1
20250731_149,24,1
20250731_149,25,1
20250731_149,26,1
20250731_149,27,1
20250731_149,28,1
20250731_149,29,1
20250731_149,30,1
20250731_149,31,1
20250731_149,32,1
20250731_149,33,1
20250731_149,34,1
20250731_149,35,1
20250731_149,36,1
20250731_149,37,1
20250731_149,38,1
20250731_149,39,1
20250731_149,40,1
20250731_149,41,1
20250731_149,42,1
20250731_151,1,1
20250731_151,2,1
20250731_151,3,1
20250731_151,4,1
20250731_151,5,1
20250731_151,6,1
20250731_151,7,1
20250731_151,8,1
20250731_151,9,1
20250731_151,10,1
20250731_151,11,1
20250731_151,12,1
20250731_151,13,1
20250731_151,14,1
20250731_151,15,1
20250731_151,16,1
20250731_151,17,1
20250731_151,18,1
20250731_151,19,1
20250731_151,20,1
20250731_151,21,1
20250731_151,22,1
20250731_151,23,1
20250731_151,24,1
20250731_151,25,1
20250731_151,26,1
20250731_151,27,1
20250731_151,28,1
20250731_151,29,1
20250731_151,30,1
20250731_151,31,1
20250731_151,32,1
20250731_151,33,1
20250731_151,34,1
20250731_151,35,1
20250731_151,36,1
20250731_151,37,1
20250731_151,38,1
20250806_174,1,1
20250806_174,2,1
20250806_174,3,1
20250806_174,4,1
20250806_174,5,1
20250806_174,6,1
20250806_174,7,1
20250806_174,8,1
20250806_174,9,1
20250806_174,10,1
20250806_174,11,1
20250806_174,12,1
20250806_174,13,1
20250806_174,14,1
20250806_174,15,1
20250806_174,16,1
20250806_174,17,1
20250806_174,18,1
20250806_174,19,1
20250806_174,20,1
20250806_174,21,1
20250806_174,22,1
20250806_174,23,1
20250806_174,24,1
20250806_174,25,1
20250806_174,26,1
20250806_174,27,1
20250806_174,28,1
20250806_174,29,1
20250806_174,30,1
20250806_174,31,1
20250806_174,32,1
20250806_174,33,1
20250806_174,34,1
20250806_174,35,1
20250806_174,36,1
20250806_176,1,0
20250806_176,2,0
20250806_176,3,0
20250806_176,4,1
20250806_176,5,1
20250806_176,6,0
20250806_176,7,1
20250806_176,8,1
20250806_176,9,1
20250806_176,10,1
20250806_176,11,1
20250806_176,12,1
20250806_176,13,0
20250806_176,14,0
20250806_176,15,1
20250806_176,16,0
20250806_176,17,0
20250806_176,18,1
20250806_176,19,1
20250806_176,20,1
20250806_176,21,0
20250806_176,22,0
20250806_176,23,1
20250806_176,24,0
20250806_176,25,0
20250806_176,26,1
20250806_176,27,1
20250806_176,28,0
20250806_176,29,0
20250806_176,30,0
20250806_176,31,1
20250806_176,32,1
20250806_176,33,0
20250806_176,34,0
20250806_176,35,1
20250806_176,36,1
20250806_176,37,0
20250807_178,1,1
20250807_178,2,1
20250807_178,3,0
20250807_178,4,1
20250807_178,5,1
20250807_178,6,1
20250807_178,7,1
20250807_178,8,1
20250807_178,9,1
20250807_178,10,1
20250807_178,11,1
20250807_178,12,1
20250807_178,13,1
20250807_178,14,1
20250807_178,15,1
20250807_178,16,1
20250807_178,17,1
20250807_178,18,1
20250807_178,19,1
20250807_178,20,1
20250807_178,21,1
20250807_178,22,1
20250807_178,23,1
20250807_178,24,1
20250807_178,25,1
20250807_178,26,1
20250807_178,27,1
20250807_178,28,1
20250807_178,29,1
20250807_178,30,1
20250807_178,31,1
20250807_178,32,1
20250807_178,33,1
20250807_178,34,1
20250807_178,35,1
20250807_178,36,1
20250807_178,37,1
20250807_178,38,1
20250807_178,39,1
20250807_178,40,1
20250807_178,41,1
20250807_178,42,1
20250807_178,43,1
20250807_178,44,1
20250807_178,45,1
20250807_178,46,1
20250807_178,47,1
20250807_181,1,1
20250807_181,2,1
20250807_181,3,1
20250807_181,4,1
20250807_181,5,1
20250807_181,6,1
20250807_181,7,1
20250807_181,8,1
20250807_181,9,1
20250807_181,10,1
20250807_181,11,1
20250807_181,12,1
20250807_181,13,1
20250807_181,14,1
20250807_181,15,1
20250807_181,16,1
20250807_181,17,1
20250807_181,18,1
20250807_181,19,1
20250807_181,20,1
20250807_181,21,1
20250807_181,22,1
20250807_181,23,1
20250807_181,24,1
20250807_181,25,1
20250807_181,26,1
20250807_181,27,1
20250807_181,28,1
20250807_181,29,1
20250807_181,30,1
20250807_181,31,1
20250807_181,32,1
20250808_183,1,1
20250808_183,2,1
20250808_183,3,1
20250808_183,4,1
20250808_183,5,1
20250808_183,6,1
20250808_183,7,1
20250808_183,8,1
20250808_183,9,1
20250808_183,10,1
20250808_183,11,1
20250808_183,12,1
20250808_183,13,1
20250808_183,14,1
20250808_183,15,0
20250808_183,16,1
20250808_183,17,1
20250808_183,18,1
20250808_183,19,1
20250808_183,20,1
20250808_183,21,1
20250808_183,22,1
20250808_183,23,1
20250808_183,24,1
20250808_183,25,1
20250808_183,26,1
20250808_183,27,1
20250808_183,28,1
20250808_183,29,1
20250808_183,30,1
20250808_183,31,1
20250808_183,32,1
20250808_183,33,1
20250808_183,34,1
20250808_183,35,1
20250808_183,36,1
20250808_183,37,1
20250808_183,38,1
20250808_183,39,1
20250808_183,40,1
20250808_183,41,1
20250808_183,42,1
20250808_183,43,1
20250808_183,44,1
20250808_183,45,1
20250808_183,46,1
20250808_183,47,1
20250808_183,48,1
20250808_183,49,1
20250808_183,50,1
20250808_183,51,1
20250808_183,52,1
20250808_183,53,1
20250808_183,54,1
20250808_183,55,1
20250808_183,56,1
20250808_183,57,1
20250808_183,58,1
20250808_183,59,1
20250808_183,60,1
20250808_183,61,1
20250808_183,62,1
20250808_186,1,1
20250808_186,2,1
20250808_186,3,1
20250808_186,4,1
20250808_186,5,1
20250808_186,6,1
20250808_186,7,1
20250808_186,8,1
20250808_186,9,1
20250808_186,10,1
20250808_186,11,1
20250808_186,12,1
20250808_186,13,1
20250808_186,14,1
20250808_186,15,1
20250808_186,16,1
20250808_186,17,1
20250808_186,18,1
20250808_186,19,1
20250808_186,20,1
20250808_186,21,1
20250808_186,22,1
20250808_186,23,1
20250808_186,24,1
20250808_186,25,1
20250808_186,26,1
20250808_186,27,1
20250808_186,28,1
20250808_186,29,1
20250808_186,30,1
20250808_186,31,1
20250808_186,32,1
20250808_186,33,1
20250808_186,34,1
20250808_186,35,1
20250826_190,1,0
20250826_190,2,0
20250826_190,3,1
20250826_190,4,1
20250826_190,5,0
20250826_190,6,1
20250826_190,7,0
20250826_190,8,1
20250826_190,9,1
20250826_190,10,1
20250826_190,11,1
20250826_190,12,1
20250826_190,13,1
20250826_190,14,0
20250826_190,15,0
20250826_190,16,0
20250826_190,17,0
20250826_190,18,0
20250826_190,19,1
20250826_190,20,1
20250826_190,21,0
20250826_190,22,1
20250826_190,23,1
20250826_190,24,0
20250826_190,25,0
20250826_190,26,0
20250826_190,27,1
20250826_190,28,1
20250826_192,1,1
20250826_192,2,1
20250826_192,3,1
20250826_192,4,1
20250826_192,5,1
20250826_192,6,1
20250826_192,7,1
20250826_192,8,1
20250826_192,9,1
20250826_192,10,1
20250826_192,11,1
20250826_192,12,1
20250826_192,13,1
20250826_192,14,1
20250826_192,15,1
20250826_192,16,1
20250826_192,17,1
20250826_192,18,1
20250826_192,19,1
20250826_192,20,1
20250826_192,21,1
20250826_192,22,1
20250826_192,23,1
20250826_192,24,1
20250826_192,25,1
20250826_192,26,1
20250826_192,27,1
20250826_192,28,1
20250826_192,29,1
20250826_192,30,1
20250827_196,1,1
20250827_196,2,1
20250827_196,3,1
20250827_196,4,1
20250827_196,5,1
20250827_196,6,1
20250827_196,7,1
20250827_196,8,1
20250827_196,9,1
20250827_196,10,1
20250827_196,11,1
20250827_196,12,1
20250827_196,13,1
20250827_196,14,1
20250827_196,15,1
20250827_196,16,1
20250827_196,17,1
20250827_196,18,1
20250827_196,19,1
20250827_196,20,1
20250827_196,21,1
20250827_196,22,1
20250827_196,23,1
20250827_196,24,1
20250827_196,25,1
20250827_196,26,1
20250827_196,27,0
20250827_196,28,1
20250827_199,1,1
20250827_199,2,1
20250827_199,3,1
20250827_199,4,1
20250827_199,5,1
20250827_199,6,1
20250827_199,7,1
20250827_199,8,1
20250827_199,9,1
20250827_199,10,1
20250827_199,11,1
20250827_199,12,1
20250827_199,13,1
20250827_199,14,1
20250827_199,15,1
20250827_199,16,1
20250827_199,17,1
20250827_199,18,1
20250827_199,19,1
20250827_199,20,1
20250827_199,21,1
20250827_199,22,1
20250827_199,23,1
20250827_199,24,1
20250827_199,25,1
20250827_199,26,1
20250827_199,27,1
20250827_199,28,1
20250827_199,29,1
20250827_199,30,1
20250827_199,31,1
20250827_199,32,1
20250827_199,33,1
20250827_199,34,1
20250827_199,35,1
20250827_199,36,1
20250827_199,37,1
20250827_199,38,1
20250827_199,39,1
20250827_199,40,1
20250827_199,41,1
20250827_199,42,1
20250827_199,43,1
20250827_199,44,1
20250827_199,45,1
20250827_199,46,1
20250827_199,47,1
20250827_199,48,1
20250829_204,1,1
20250829_204,2,1
20250829_204,3,1
20250829_204,4,1
20250829_204,5,1
20250829_204,6,1
20250829_204,7,1
20250829_204,8,1
20250829_204,9,1
20250829_204,10,1
20250829_204,11,1
20250829_204,12,1
20250829_204,13,1
20250829_204,14,1
20250829_204,15,1
20250829_204,16,1
20250829_204,17,1
20250829_204,18,1
20250829_204,19,1
20250829_204,20,1
20250829_204,21,1
20250829_204,22,1
20250829_204,23,1
20250829_204,24,1
20250829_204,25,1
20250829_204,26,1
20250829_204,27,1
20250829_204,28,1
20250829_204,29,1
20250829_204,30,1
20250829_204,31,1
20250829_204,32,1
20250829_207,1,1
20250829_207,2,1
20250829_207,3,1
20250829_207,4,1
20250829_207,5,1
20250829_207,6,1
20250829_207,7,1
20250829_207,8,1
20250829_207,9,1
20250829_207,10,1
20250829_207,11,1
20250829_207,12,1
20250829_207,13,1
20250829_207,14,1
20250829_207,15,1
20250829_207,16,1
20250829_207,17,1
20250829_207,18,1
20250829_207,19,1
20250829_207,20,1
20250829_207,21,1
20250829_207,22,1
20250829_207,23,1
20250829_207,24,1
20250829_207,25,1
20250829_207,26,1
20250829_207,27,1
20250829_207,28,1
20250829_207,29,1
20250829_207,30,1
20250829_207,31,1
20250829_207,32,1
20250829_207,33,1
20250829_207,34,1
20250829_207,35,1
20250829_207,36,1
20250829_207,37,1
20250829_207,38,1
20250829_207,39,1
20250829_207,40,1
20250829_207,41,1
20250829_207,42,1
20250829_207,43,1
20250829_207,44,1
20250829_207,45,1
20250829_207,46,1
20250829_207,47,1
20250829_207,48,1
20250829_207,49,1
20250829_207,50,1
20250829_207,51,1
20250829_207,52,1
20250829_207,53,1
20250904_209,1,1
20250904_209,2,1
20250904_209,3,1
20250904_209,4,1
20250904_209,5,1
20250904_209,6,1
20250904_209,7,1
20250904_209,8,1
20250904_209,9,1
20250904_209,10,1
20250904_209,11,1
20250904_209,12,1
20250904_209,13,1
20250904_209,14,1
20250904_209,15,1
20250904_209,16,1
20250904_209,17,1
20250904_209,18,1
20250904_209,19,1
20250904_209,20,1
20250904_209,21,1
20250904_209,22,1
20250904_209,23,1
20250904_211,1,1
20250904_211,2,1
20250904_211,3,1
20250904_211,4,1
20250904_211,5,1
20250904_211,6,1
20250904_211,7,1
20250904_211,8,1
20250904_211,9,1
20250904_211,10,1
20250904_211,11,1
20250904_211,12,1
20250904_211,13,1
20250904_211,14,1
20250904_211,15,1
20250904_211,16,1
20250904_211,17,1
20250904_211,18,1
20250904_211,19,1
20250904_211,20,1
20250904_211,21,1
20250904_211,22,1
20250904_211,23,1
20250904_211,24,1
20250904_211,25,1
20250904_211,26,1
20250904_211,27,1
20250904_211,28,1
20250904_211,29,1
20250904_211,30,1
20250904_211,31,1
20250904_211,32,1
20250904_211,33,1
20250904_211,34,1
20250904_211,35,1
20250904_211,36,1
20250904_211,37,1
20250904_211,38,1
20250904_211,39,1
20250904_211,40,1
20250904_211,41,1
20250904_211,42,1
20250904_211,43,1
20250904_211,44,1
20250904_211,45,1
20250911_214,1,1
20250911_214,2,1
20250911_214,3,1
20250911_214,4,1
20250911_214,5,1
20250911_214,6,1
20250911_214,7,1
20250911_214,8,1
20250911_214,9,1
20250911_214,10,1
20250911_214,11,1
20250911_214,12,1
20250911_214,13,1
20250911_214,14,1
20250911_214,15,1
20250911_214,16,1
20250911_214,17,1
20250911_214,18,1
20250911_214,19,1
20250911_214,20,1
20250911_217,1,1
20250911_217,2,1
20250911_217,3,1
20250911_217,4,1
20250911_217,5,1
20250911_217,6,1
20250911_217,7,1
20250911_217,8,1
20250911_217,9,1
20250911_217,10,1
20250911_217,11,1
20250911_217,12,1
20250911_217,13,1
20250911_217,14,1
20250911_217,15,1
20250911_217,16,1
20250911_217,17,1
20250911_217,18,1
20250911_217,19,1
20250911_217,20,1
20250911_217,21,1
20250911_217,22,1
20250911_217,23,1
20250911_217,24,1
20250911_217,25,1
20250911_217,26,1
20250911_217,27,1
20250911_217,28,1
20250911_217,29,1
20250911_217,30,1
20250911_217,31,1
20250911_217,32,1
20250911_222,1,1
20250911_222,2,1
20250911_222,3,1
20250911_222,4,1
20250911_222,5,1
20250911_222,6,1
20250911_222,7,1
20250911_222,8,1
20250911_222,9,1
20250911_222,10,1
20250911_222,11,1
20250911_222,12,1
20250911_222,13,1
20250911_222,14,1
20250911_222,15,1
20250911_222,16,1
20250911_222,17,1
20250911_222,18,1
20250911_222,19,1
20250911_222,20,1
20250911_222,21,1
20250911_222,22,1
20250911_222,23,1
20250911_222,24,1
20250911_222,25,1
20250911_222,26,1
20250911_222,27,1
20250911_222,28,1
20250911_222,29,1
20250911_222,30,1
20250911_222,31,1
20250911_222,32,1
20250911_222,33,1
20250911_222,34,1
20250912_225,1,1
20250912_225,2,1
20250912_225,3,1
20250912_225,4,1
20250912_225,5,1
20250912_225,6,1
20250912_225,7,1
20250912_225,8,1
20250912_225,9,1
20250912_225,10,1
20250912_225,11,1
20250912_225,12,1
20250912_225,13,1
20250912_225,14,1
20250912_225,15,1
20250912_225,16,1
20250912_225,17,1
20250912_225,18,1
20250912_225,19,1
20250912_225,20,1
20250912_225,21,1
20250912_225,22,1
20250912_225,23,1
20250912_225,24,1
20250912_225,25,1
20250912_225,26,1
20250912_225,27,1
20250912_225,28,1
20250912_225,29,1
20250912_225,30,1
20250912_225,31,1
20250912_225,32,1
20250912_225,33,1
20250912_225,34,1
20250912_225,35,1
20250912_225,36,1
20250912_225,37,1
20250912_225,38,1
20250912_225,39,1
20250912_225,40,1
20250912_225,41,1
20250912_225,42,1
20250912_225,43,1
20250912_225,44,1
20250912_225,45,1
20250912_227,1,1
20250912_227,2,1
20250912_227,3,1
20250912_227,4,1
20250912_227,5,1
20250912_227,6,1
20250912_227,7,1
20250912_227,8,1
20250912_227,9,1
20250912_227,10,1
20250912_227,11,1
20250912_227,12,1
20250912_227,13,1
20250912_227,14,1
20250912_227,15,1
20250912_227,16,1
20250912_227,17,1
20250912_229,1,1
20250912_229,2,1
20250912_229,3,1
20250912_229,4,1
20250912_229,5,1
20250912_229,6,1
20250912_229,7,1
20250912_229,8,1
20250912_229,9,1
20250912_229,10,1
20250912_229,11,1
20250912_229,12,1
20250912_229,13,1
20250912_229,14,1
20250912_229,15,1
20250912_229,16,1
20250912_229,17,1
20250912_229,18,1
20250912_229,19,1
20250912_229,20,1
20250912_229,21,1
20250912_229,22,1
20250912_229,23,1
20250912_229,24,1
20250912_229,25,1
20250912_229,26,1
20250912_229,27,1
20250912_229,28,1
20250912_229,29,1
20250912_229,30,1
20250912_229,31,1
20250912_229,32,1
20250912_229,33,1
20250912_229,34,1
20250912_229,35,1
20250912_229,36,1
20250912_229,37,1
20250912_229,38,1
20250912_229,39,1
20250912_229,40,1
20250912_229,41,1
20250912_229,42,1
20250912_229,43,1
20250912_229,44,1
20250912_229,45,1
20250912_229,46,1
20250912_229,47,1
20250912_229,48,1
20250912_229,49,1
20250912_229,50,1
20250912_229,51,1
20250912_229,52,1
20250912_229,53,1
20250912_229,54,1
20250912_229,55,1
20250925_231,1,1
20250925_231,2,1
20250925_231,3,1
20250925_231,4,1
20250925_231,5,1
20250925_231,6,1
20250925_231,7,1
20250925_231,8,1
20250925_231,9,1
20250925_231,10,1
20250925_231,11,1
20250925_231,12,1
20250925_231,13,1
20250925_231,14,1
20250925_231,15,1
20250925_231,16,1
20250925_231,17,1
20250925_231,18,1
20250925_231,19,1
20250925_231,20,1
20250925_233,1,1
20250925_233,2,1
20250925_233,3,1
20250925_233,4,1
20250925_233,5,1
20250925_233,6,1
20250925_233,7,1
20250925_233,8,1
20250925_233,9,1
20250925_233,10,1
20250925_233,11,1
20250925_233,12,1
20250925_233,13,1
20250925_233,14,1
20250925_233,15,1
20250925_233,16,1
20250925_233,17,1
20250925_233,18,1
20250925_233,19,1
20250925_233,20,1
20250925_233,21,1
20250925_233,22,1
20250925_233,23,1
20250925_233,24,1
20250925_233,25,1
20250925_233,26,1
20250925_233,27,1
20250926_235,1,1
20250926_235,2,1
20250926_235,3,1
20250926_235,4,1
20250926_235,5,1
20250926_235,6,1
20250926_235,7,1
20250926_235,8,1
20250926_235,9,1
20250926_235,10,1
20250926_235,11,1
20250926_235,12,1
20250926_235,13,1
20250926_235,14,1
20250926_235,15,1
20250926_235,16,1
20250926_235,17,1
20250926_235,18,1
20250926_235,19,1
20250926_235,20,1
20250926_235,21,1
20250926_235,22,1
20250926_235,23,0
20250926_235,24,1
20250926_235,25,0
20250926_237,1,1
20250926_237,2,1
20250926_237,3,1
20250926_237,4,1
20250926_237,5,1
20250926_237,6,1
20250926_237,7,1
20250926_237,8,1
20250926_237,9,1
20250926_237,10,1
20250926_237,11,1
20250926_237,12,1
20250926_237,13,1
20250926_237,14,1
20250926_237,15,1
20250926_237,16,1
20250926_237,17,1
20250926_237,18,1
20250926_237,19,1
20250926_237,20,1
20250926_237,21,1
20250926_237,22,1
20250926_237,23,1
20250926_237,24,1
20250926_237,25,1
20250926_237,26,1
20250926_237,27,1
20250926_237,28,1
20250926_237,29,1
20250926_237,30,1
20250926_237,31,1
20250926_237,32,1
20250926_237,33,1
20250926_237,34,1
20250926_237,35,1
20250926_237,36,1
20250926_237,37,1
20250926_237,38,1
20250926_237,39,1
20260115_240,1,1
20260115_240,2,1
20260115_240,3,1
20260115_240,4,1
20260115_240,5,1
20260115_240,6,1
20260115_240,7,1
20260115_240,8,1
20260115_240,9,1
20260115_240,10,1
20260115_240,11,1
20260115_240,12,1
20260115_240,13,1
20260115_240,14,1
20260115_240,15,1
20260115_240,16,1
20260115_240,17,1
20260115_240,18,1
20260115_240,19,1
20260115_240,20,1
20260115_240,21,1
20260115_240,22,1
20260115_240,23,1
20260115_240,24,1
20260115_240,25,1
20260115_240,26,1
20260115_240,27,1
20260115_240,28,1
20260115_240,29,1
20260115_240,30,1
20260115_240,31,1
20260115_240,32,1
20260115_243,1,1
20260115_243,2,1
20260115_243,3,1
20260115_243,4,1
20260115_243,5,1
20260115_243,6,1
20260115_243,7,1
20260115_243,8,1
20260115_243,9,1
20260115_243,10,1
20260115_243,11,1
20260115_243,12,1
20260115_243,13,1
20260115_243,14,1
20260115_243,15,1
20260115_243,16,1
20260115_243,17,1
20260115_243,18,1
20260115_243,19,1
20260115_243,20,1
20260115_243,21,1
20260115_243,22,1
20260115_243,23,1
20260115_243,24,1
20260115_243,25,1
20260115_243,26,1
20260115_243,27,1
20260115_243,28,1
20260115_243,29,1
20260115_243,30,1
20260115_243,31,1
20260115_243,32,1
20260115_243,33,1
20260115_243,34,1
20260115_243,35,1
20260115_243,36,1
20260115_243,37,1
20260115_243,38,1
20260115_243,39,1
20260115_243,40,1
20260115_243,41,1
20260115_243,42,1
20260115_243,43,1
20260120_248,1,1
20260120_248,2,1
20260120_248,3,1
20260120_248,4,1
20260120_248,5,1
20260120_248,6,1
20260120_248,7,1
20260120_248,8,1
20260120_248,9,1
20260120_248,10,1
20260120_248,11,1
20260120_248,12,1
20260120_248,13,1
20260120_248,14,1
20260120_248,15,1
20260120_248,16,1
20260120_248,17,1
20260120_248,18,1
20260120_248,19,1
20260120_248,20,1
20260120_248,21,1
20260120_248,22,1
20260120_248,23,1
20260120_248,24,1
20260120_248,25,1
20260120_248,26,1
20260120_248,27,1
20260120_248,28,1
20260120_248,29,1
20260120_248,30,1
20260120_248,31,1
20260121_250,1,1
20260121_250,2,1
20260121_250,3,1
20260121_250,4,1
20260121_250,5,1
20260121_250,6,1
20260121_250,7,1
20260121_250,8,1
20260121_250,9,1
20260121_250,10,1
20260121_250,11,1
20260121_250,12,1
20260121_250,13,1
20260121_250,14,1
20260121_250,15,1
20260121_250,16,1
20260121_250,17,1
20260121_250,18,1
20260121_250,19,1
20260121_250,20,1
20260121_250,21,1
20260121_250,22,1
20260121_250,23,1
20260121_250,24,1
20260121_250,25,1
20260121_250,26,1
20260121_250,27,1
20260121_250,28,1
20260121_250,29,1
20260121_250,30,1
20260121_250,31,1
20260121_250,32,1
20260121_250,33,1
20260121_250,34,1
20260121_252,1,1
20260121_252,2,1
20260121_252,3,1
20260121_252,4,1
20260121_252,5,1
20260121_252,6,1
20260121_252,7,1
20260121_252,8,1
20260121_252,9,1
20260121_252,10,1
20260121_252,11,1
20260121_252,12,1
20260121_252,13,1
20260121_252,14,1
20260121_252,15,1
20260121_252,16,1
20260121_252,17,1
20260121_252,18,1
20260121_252,19,1
20260121_252,20,1
20260121_252,21,1
20260121_252,22,1
20260121_252,23,1
20260121_252,24,1
20260121_252,25,1
20260121_252,26,1
20260121_252,27,1
20260122_256,1,1
20260122_256,2,1
20260122_256,3,1
20260122_256,4,1
20260122_256,5,1
20260122_256,6,1
20260122_256,7,1
20260122_256,8,1
20260122_256,9,1
20260122_256,10,1
20260122_256,11,1
20260122_256,12,1
20260122_256,13,1
20260122_256,14,1
20260122_256,15,1
20260122_256,16,1
20260122_256,17,1
20260122_256,18,1
20260122_256,19,1
20260122_256,20,1
20260122_256,21,1
20260122_256,22,1
20260122_256,23,1
20260122_256,24,1
20260122_256,25,1
20260122_256,26,1
20260122_256,27,1
20260122_256,28,1
20260122_256,29,1
20260122_256,30,1
20260122_256,31,1
20260122_256,32,1
20260122_256,33,1
20260122_256,34,1
20260122_256,35,1
20260122_256,36,1
20260122_256,37,0
20260122_259,1,1
20260122_259,2,1
20260122_259,3,1
20260122_259,4,1
20260122_259,5,1
20260122_259,6,1
20260122_259,7,1
20260122_259,8,1
20260122_259,9,1
20260122_259,10,1
20260122_259,11,1
20260122_259,12,1
20260122_259,13,1
20260122_259,14,1
20260122_259,15,1
20260122_259,16,1
20260122_259,17,1
20260122_259,18,1
20260122_259,19,1
20260122_259,20,1
20260122_259,21,1
20260122_259,22,1
20260122_259,23,1
20260122_259,24,1
20260122_259,25,1
20260122_259,26,1
20260122_259,27,1
20260122_259,28,1
20260122_259,29,1
20260122_259,30,1
20260122_259,31,1
20260122_259,32,1
20260122_259,33,1
20260122_259,34,1
20260122_259,35,1
20260122_259,36,1
20260122_259,37,1
20260130_270,1,1
20260130_270,2,1
20260130_270,3,1
20260130_270,4,1
20260130_270,5,1
20260130_270,6,1
20260130_270,7,1
20260130_270,8,1
20260130_270,9,1
20260130_270,10,1
20260130_270,11,1
20260130_270,12,1
20260130_270,13,1
20260130_270,14,1
20260130_270,15,1
20260130_270,16,1
20260130_270,17,1
20260130_270,18,1
20260130_270,19,1
20260130_270,20,1
20260130_270,21,1
20260130_270,22,1
20260130_270,23,1
20260130_270,24,1
20260130_270,25,1
20260130_270,26,1
20260130_270,27,1
20260130_270,28,1
20260130_270,29,1
20260130_270,30,1
20260130_270,31,1
20260130_270,32,1
20260130_270,33,1
20260130_270,34,1
20260130_270,35,1
20260130_270,36,1
20260130_270,37,1
20260130_270,38,1
20260130_270,39,1
20260130_270,40,1
20260130_270,41,1
20260130_270,42,1
20260130_270,43,1
20260130_270,44,1
20260130_270,45,1
20260130_270,46,1
20260130_270,47,1
20260130_270,48,1
20260130_272,1,1
20260130_272,2,1
20260130_272,3,1
20260130_272,4,1
20260130_272,5,1
20260130_272,6,1
20260130_272,7,1
20260130_272,8,1
20260130_272,9,1
20260130_272,10,1
20260130_272,11,1
20260130_272,12,1
20260130_272,13,1
20260130_272,14,1
20260130_272,15,1
20260130_272,16,1
20260130_272,17,1
20260130_272,18,1
20260130_272,19,1
20260130_272,20,1
20260130_272,21,1
20260130_272,22,1
20260130_272,23,1
20260130_272,24,1
20260130_272,25,1
20260130_272,26,1
20260130_272,27,1
20260130_272,28,1
20260225_275,1,1
20260225_275,2,1
20260225_275,3,1
20260225_275,4,1
20260225_275,5,1
20260225_275,6,1
20260225_275,7,1
20260225_275,8,1
20260225_275,9,1
20260225_275,10,1
20260225_275,11,1
20260225_275,12,1
20260225_275,13,1
20260225_275,14,1
20260225_275,15,1
20260225_275,16,0
20260225_275,17,1
20260225_275,18,1
20260225_275,19,1
20260225_275,20,1
20260225_275,21,1
20260225_275,22,1
20260225_275,23,1
20260225_275,24,1
20260225_275,25,1
20260225_275,26,1
20260225_275,27,1
20260225_275,28,1
20260225_275,29,1
20260225_275,30,1
20260225_277,1,1
20260225_277,2,1
20260225_277,3,1
20260225_277,4,1
20260225_277,5,1
20260225_277,6,1
20260225_277,7,1
20260225_277,8,1
20260225_277,9,1
20260225_277,10,1
20260225_277,11,1
20260225_277,12,1
20260225_277,13,1
20260225_277,14,1
20260225_277,15,1
20260225_277,16,1
20260225_277,17,1
20260225_277,18,1
20260225_277,19,1
20260225_277,20,1
20260225_277,21,1
20260225_277,22,1
20260225_277,23,1
20260225_277,24,1
20260225_277,25,1
20260225_277,26,1
20260225_280,1,0
20260225_280,2,1
20260225_280,3,1
20260225_280,4,1
20260225_280,5,1
20260225_280,6,1
20260225_280,7,1
20260225_280,8,1
20260225_280,9,1
20260225_280,10,1
20260225_280,11,1
20260225_280,12,1
20260225_280,13,1
20260225_280,14,1
20260225_280,15,0
20260225_280,16,1
20260225_280,17,1
20260225_280,18,0
20260226_282,1,1
20260226_282,2,1
20260226_282,3,1
20260226_282,4,1
20260226_282,5,1
20260226_282,6,1
20260226_282,7,1
20260226_282,8,1
20260226_282,9,1
20260226_282,10,1
20260226_282,11,0
20260226_282,12,1
20260226_282,13,1
20260226_282,14,1
20260226_282,15,0
20260226_282,16,1
20260226_282,17,1
20260226_282,18,1
20260226_285,1,1
20260226_285,2,1
20260226_285,3,1
20260226_285,4,1
20260226_285,5,1
20260226_285,6,1
20260226_285,7,1
20260226_285,8,1
20260226_285,9,1
20260226_285,10,1
20260226_285,11,1
20260226_285,12,1
20260226_285,13,1
20260226_285,14,1
20260226_285,15,1
20260226_285,16,1
20260226_285,17,1
20260226_285,18,1
20260226_285,19,1
20260226_285,20,1
20260226_285,21,1
20260226_285,22,1
20260226_285,23,1
20260226_285,24,1
20260226_285,25,1
20260226_285,26,1
20260226_285,27,1
20260226_287,1,1
20260226_287,2,1
20260226_287,3,1
20260226_287,4,1
20260226_287,5,1
20260226_287,6,1
20260226_287,7,1
20260226_287,8,1
20260226_287,9,1
20260226_287,10,1
20260226_287,11,0
20260226_287,12,1
20260226_287,13,1
20260226_287,14,1
20260226_287,15,1
20260226_287,16,1
20260226_287,17,0
20260303_290,1,1
20260303_290,2,1
20260303_290,3,1
20260303_290,4,1
20260303_290,5,1
20260303_290,6,1
20260303_290,7,1
20260303_290,8,1
20260303_290,9,1
20260303_290,10,1
20260303_290,11,1
20260303_290,12,1
20260303_290,13,1
20260303_290,14,1
20260303_290,15,1
20260303_290,16,1
20260303_290,17,1
20260303_290,18,1
20260303_290,19,1
20260303_290,20,1
20260303_290,21,1
20260303_290,22,1
20260303_290,23,1
20260303_290,24,1
20260303_290,25,1
20260303_290,26,0
20260303_290,27,1
20260303_290,28,1
20260303_290,29,1
20260303_290,30,1
20260303_290,31,1
20260303_290,32,1
20260303_290,33,1
20260303_290,34,1
20260303_296,1,1
20260303_296,2,1
20260303_296,3,1
20260303_296,4,1
20260303_296,5,1
20260303_296,6,1
20260303_296,7,1
20260303_296,8,1
20260303_296,9,1
20260303_296,10,1
20260303_296,11,1
20260303_296,12,1
20260303_296,13,1
20260303_296,14,1
20260303_296,15,1
20260303_296,16,1
20260303_296,17,1
20260303_296,18,1
20260303_296,19,1
20260303_296,20,1
20260303_296,21,1
20260303_296,22,1
20260303_296,23,1
20260303_296,24,1
20260303_296,25,1
20260303_296,26,1
20260303_296,27,1
20260303_296,28,1
20260303_296,29,1
20260303_296,30,1
20260303_296,31,1
20260303_296,32,1
20260303_296,33,1
20260303_296,34,1
20260303_296,35,1
20260303_296,36,1
20260303_296,37,1
20260303_296,38,1
20260303_296,39,1
20260303_296,40,1
20260303_296,41,1
20260303_296,42,1
20260303_296,43,1
20260303_296,44,1
20260303_296,45,1
20260303_296,46,1
20260303_296,47,1
20260303_296,48,1
20260303_296,49,1
20260303_296,50,1
20260303_296,51,1
20260303_301,1,1
20260303_301,2,1
20260303_301,3,1
20260303_301,4,1
20260303_301,5,1
20260303_301,6,1
20260303_301,7,1
20260303_301,8,1
20260303_301,9,1
20260303_301,10,1
20260303_301,11,1
20260303_301,12,1
20260303_301,13,1
20260303_301,14,1
20260303_301,15,1
20260303_301,16,1
20260303_301,17,1
20260303_301,18,1
20260303_301,19,1
20260303_301,20,1
20260303_301,21,1
20260303_301,22,1
20260303_301,23,1
20260303_301,24,1
20260629_309,1,1
20260629_309,2,1
20260629_309,3,1
20260629_309,4,1
20260629_309,5,1
20260629_309,6,1
20260629_309,7,1
20260629_309,8,1
20260629_309,9,1
20260629_309,10,1
20260629_309,11,1
20260629_309,12,1
20260629_309,13,1
20260629_309,14,1
20260629_309,15,1
20260629_309,16,1
20260629_309,17,1
20260629_309,18,1
20260629_309,19,1
20260629_309,20,1
20260629_309,21,1
20260629_312,1,1
20260629_312,2,1
20260629_312,3,1
20260629_312,4,1
20260629_312,5,1
20260629_312,6,1
20260629_312,7,1
20260629_312,8,1
20260629_312,9,1
20260629_312,10,1
20260629_312,11,1
20260629_312,12,1
20260629_312,13,1
20260629_312,14,1
20260629_312,15,1
20260629_312,16,1
20260629_312,17,1
20260629_312,18,1
20260629_312,19,1
20260629_312,20,1
20260629_312,21,1
20260629_314,1,1
20260629_314,2,1
20260629_314,3,1
20260629_314,4,1
20260629_314,5,1
20260629_314,6,1
20260629_314,7,1
20260629_314,8,1
20260629_314,9,1
20260629_314,10,1
20260629_314,11,1
20260629_314,12,1
20260629_314,13,1
20260629_314,14,1
20260630_316,1,1
20260630_316,2,1
20260630_316,3,1
20260630_316,4,1
20260630_316,5,1
20260630_316,6,1
20260630_316,7,1
20260630_316,8,1
20260630_316,9,1
20260630_316,10,1
20260630_316,11,1
20260630_316,12,1
20260630_316,13,1
20260630_316,14,1
20260630_316,15,1
20260630_316,16,1
20260630_316,17,1
20260630_316,18,1
20260630_316,19,1
20260630_316,20,1
20260630_316,21,1
20260630_316,22,1
20260630_316,23,1
20260630_316,24,1
20260630_316,25,1
20260630_316,26,1
20260630_316,27,1
20260630_316,28,1
20260630_316,29,1
20260630_316,30,1
20260630_316,31,1
20260630_316,32,1
20260630_316,33,1
20260630_316,34,1
20260630_325,1,1
20260630_325,2,1
20260630_325,3,1
20260630_325,4,1
20260630_325,5,1
20260630_325,6,1
20260630_325,7,1
20260630_325,8,1
20260630_325,9,1
20260630_325,10,1
20260630_325,11,1
20260630_325,12,1
20260630_325,13,1
20260630_325,14,1
20260630_325,15,1
20260630_325,16,1
20260630_325,17,1
20260630_325,18,1
20260630_325,19,1
20260701_328,1,1
20260701_328,2,1
20260701_328,3,1
20260701_328,4,1
20260701_328,5,1
20260701_328,6,1
20260701_328,7,1
20260701_328,8,1
20260701_328,9,1
20260701_328,10,1
20260701_328,11,1
20260701_328,12,1
20260701_328,13,1
20260701_328,14,1
20260701_328,15,1
20260701_328,16,1
20260701_328,17,1
20260701_328,18,1
20260701_328,19,1
20260701_328,20,1
20260701_328,21,1
20260701_328,22,1
20260701_328,23,1
20260701_328,24,1
20260701_328,25,1
20260701_331,1,1
20260701_331,2,1
20260701_331,3,1
20260701_331,4,1
20260701_331,5,1
20260701_331,6,1
20260701_331,7,1
20260701_331,8,1
20260701_331,9,1
20260701_331,10,1
20260701_331,11,1
20260701_331,12,1
20260701_331,13,1
20260701_331,14,1
20260701_331,15,1
20260701_331,16,1
20260701_331,17,1
20260701_331,18,1
20260701_331,19,1
20260701_331,20,1
20260701_331,21,1
20260701_331,22,1
20260701_331,23,1
20260701_331,24,1
20260701_331,25,1
20260701_331,26,1
20260702_334,1,1
20260702_334,2,1
20260702_334,3,1
20260702_334,4,1
20260702_334,5,1
20260702_334,6,1
20260702_334,7,1
20260702_334,8,1
20260702_334,9,1
20260702_334,10,1
20260702_334,11,1
20260702_334,12,1
20260702_334,13,1
20260702_334,14,1
20260702_334,15,1
20260702_334,16,1
20260702_334,17,1
20260702_334,18,1
20260702_334,19,1
20260702_334,20,1
20260702_334,21,1
20260702_334,22,1
20260702_334,23,1
20260702_334,24,1
20260702_334,25,1
20260702_334,26,1
20260702_334,27,1
20260702_334,28,1
20260702_334,29,1
20260702_334,30,1
20260702_334,31,1
20260702_334,32,1
20260702_334,33,1
20260702_334,34,1
20260702_334,35,1
20260702_334,36,1
20260702_338,1,1
20260702_338,2,1
20260702_338,3,1
20260702_338,4,1
20260702_338,5,1
20260702_338,6,1
20260702_338,7,1
20260702_338,8,1
20260702_338,9,1
20260702_338,10,1
20260702_338,11,1
20260702_338,12,1
20260702_338,13,1
20260702_338,14,1
20260702_338,15,1
20260702_338,16,1
20260702_338,17,1
20260702_338,18,0
20260702_338,19,1
20260702_338,20,1
20260702_338,21,1
20260702_338,22,1
20260702_338,23,1
20260702_338,24,1
20260702_338,25,1
20260702_338,26,1
20260702_338,27,1
20260702_338,28,1
20260702_338,29,1
20260702_338,30,1
20260702_338,31,1
20260702_338,32,1
20260702_338,33,1
20260702_338,34,1
20260702_338,35,1
20260702_338,36,1
20260702_338,37,0
20260702_338,38,0
20260702_338,39,1
20260702_338,40,1
20260702_338,41,1
20260702_338,42,1
20260702_338,43,1
20260702_338,44,1
20260702_338,45,1
20260702_338,46,1
20260702_338,47,1
20260702_338,48,1
20260702_338,49,1
20260706_341,1,1
20260706_341,2,1
20260706_341,3,1
20260706_341,4,1
20260706_341,5,1
20260706_341,6,1
20260706_341,7,1
20260706_341,8,1
20260706_341,9,1
20260706_341,10,1
20260706_341,11,1
20260706_341,12,1
20260706_341,13,1
20260706_341,14,1
20260706_341,15,1
20260706_341,16,1
20260706_341,17,1
20260706_341,18,1
20260706_341,19,1
20260706_341,20,1
20260706_341,21,1
20260706_341,22,1
20260706_341,23,1
20260706_341,24,1
20260706_341,25,1
20260706_341,26,1
20260706_341,27,1
20260706_341,28,1
20260706_341,29,1
20260706_341,30,1
20260706_341,31,1
20260706_341,32,1
20260706_341,33,1
20260706_343,1,1
20260706_343,2,1
20260706_343,3,1
20260706_343,4,1
20260706_343,5,1
20260706_343,6,1
20260706_343,7,1
20260706_343,8,1
20260706_343,9,1
20260706_343,10,1
20260706_343,11,1
20260706_343,12,1
20260706_343,13,1
20260706_343,14,1
20260706_343,15,1
20260706_343,16,1
20260706_343,17,1
20260706_343,18,1
20260706_343,19,1
20260706_343,20,1
20260706_343,21,1
20260706_343,22,1
20260706_343,23,1
20260706_343,24,1
20260706_343,25,1
20260706_343,26,1
20260706_343,27,1
20260706_343,28,1
20260706_343,29,1
20260706_343,30,1
20260706_343,31,1
20260706_343,32,1
20260706_343,33,1
20260706_343,34,1
20260706_343,35,1
20260706_343,36,1
20260706_343,37,1
20260706_343,38,1
20260706_343,39,1
20260706_343,40,1
20260706_343,41,1
20260706_343,42,1
20260706_343,43,1
20260706_343,44,1
20260707_346,1,1
20260707_346,2,1
20260707_346,3,1
20260707_346,4,1
20260707_346,5,1
20260707_346,6,1
20260707_346,7,1
20260707_346,8,1
20260707_346,9,1
20260707_346,10,1
20260707_348,1,1
20260707_348,2,1
20260707_348,3,1
20260707_348,4,1
20260707_348,5,1
20260707_348,6,1
20260707_348,7,1
20260707_348,8,1
20260707_348,9,1
20260707_348,10,1
20260707_348,11,1
20260707_348,12,1
20260707_348,13,1
20260707_348,14,1
20260707_348,15,1
20260707_348,16,1
20260707_348,17,1
20260707_348,18,1
20260707_348,19,1
20260707_348,20,1
20260707_348,21,1
20260707_348,22,1
20260707_348,23,1
20260707_348,24,1
20260707_348,25,1
20260707_348,26,1
20260707_348,27,1
20260707_348,28,1
20260707_348,29,1
20260707_348,30,1
